----- INSERT QUERIES FOR patient ------
insert into patient(first_name, last_name, dob, street, city, state, zip_code, phone_no, email) values ('Oscar' ,'Yang','1962-06-10', '2210 Elmwood Avenue', 'Mesa', 'Arizona',85201,4809625179, 'oscar.yang@gmail.com');
insert into patient(first_name, last_name, dob, street, city, state, zip_code, phone_no, email) values ('Richard' ,'Rice','1962-10-14', '4013 Southern Avenue', 'Eureka', 'Missouri',63025,6369382484, 'richard.rice@gmail.com');
insert into patient(first_name, last_name, dob, street, city, state, zip_code, phone_no, email) values ('Joshua' ,'Dean','1963-04-13', '4877 Lynch street', 'Oakland', 'California',94612,9252096032, 'joshua.dean@gmail.com');
insert into patient(first_name, last_name, dob, street, city, state, zip_code, phone_no, email) values ('William' ,'Ruiz','1963-12-22', '1356 Worthington Drive', 'Red Oak', 'Texas',75154,9725767414, 'william.ruiz@gmail.com');
insert into patient(first_name, last_name, dob, street, city, state, zip_code, phone_no, email) values ('Joseph' ,'Kent','1964-06-16', '157 Lynn Ogden Lane', 'Beaumont', 'Texas',77705,4098407436, 'joseph.kent@gmail.com');
insert into patient(first_name, last_name, dob, street, city, state, zip_code, phone_no, email) values ('Joshua' ,'Alexander','1967-07-16', '2132 Haul Road', 'Lansing', 'Ohio',43934,6509955757, 'joshua.alexander@gmail.com');
insert into patient(first_name, last_name, dob, street, city, state, zip_code, phone_no, email) values ('Robert' ,'Richards','1968-12-29', '3600 Holt street', 'West Palm Beach', 'Florida',33410,5612612075, 'robert.richards@gmail.com');
insert into patient(first_name, last_name, dob, street, city, state, zip_code, phone_no, email) values ('David' ,'Mejia','1970-05-14', '3444 Libby street', 'Beverly Hills', 'California',90210,3102767127, 'david.mejia@gmail.com');
insert into patient(first_name, last_name, dob, street, city, state, zip_code, phone_no, email) values ('Jeffrey' ,'Sutton','1973-12-03', '1468 Midway Road', 'Ratcliff', 'Arkansas',72951,4796353319, 'jeffrey.sutton@gmail.com');
insert into patient(first_name, last_name, dob, street, city, state, zip_code, phone_no, email) values ('Ronald' ,'Mitchell','1974-02-06', '1962 Oakwood Circle', 'Riverside', 'California',92501,9493181359, 'ronald.mitchell@gmail.com');
insert into patient(first_name, last_name, dob, street, city, state, zip_code, phone_no, email) values ('Micheal' ,'Hall','1974-06-10', '13 Desert Broom Court', 'Jersey city', 'New Jersey',73040,2017183614, 'micheal.hall@gmail.com');
insert into patient(first_name, last_name, dob, street, city, state, zip_code, phone_no, email) values ('Joshua' ,'Noble','1976-02-20', '2688 Pritchard Court', 'Owatonna', 'Minnesota',55060,5074087953, 'joshua.noble@gmail.com');
insert into patient(first_name, last_name, dob, street, city, state, zip_code, phone_no, email) values ('Brett' ,'Walker','1978-01-29', '3881 Heron Way', 'Portland', 'Oregon',97205,5038304159, 'brett.walker@gmail.com');
insert into patient(first_name, last_name, dob, street, city, state, zip_code, phone_no, email) values ('Mark' ,'Swanson','1979-10-18', '2166 Tibbs Avenue', 'Helena', 'Montana',59601,4067818712, 'mark.swanson@gmail.com');
insert into patient(first_name, last_name, dob, street, city, state, zip_code, phone_no, email) values ('John' ,'Thompson','1981-09-27', '4962 Pearl street', 'Sacramento', 'California',95814,9163164566, 'john.thompson@gmail.com');
insert into patient(first_name, last_name, dob, street, city, state, zip_code, phone_no, email) values ('Lauren' ,'Kim','1983-07-05', '1905 Simpson Avenue', 'Akron', 'Pennsylvania',17501,7178590339, 'lauren.kim@gmail.com');
insert into patient(first_name, last_name, dob, street, city, state, zip_code, phone_no, email) values ('Alisha' ,'Smith','1984-06-19', '2899 Buffalo Creek Road', 'Franklin', 'Tennessee',37064,6157940426, 'alisha.smith@gmail.com');
insert into patient(first_name, last_name, dob, street, city, state, zip_code, phone_no, email) values ('Laura' ,'Rodgers','1986-10-16', '4305 Godfrey street', 'Hillsboro', 'Oregon',97123,5036286733, 'laura.rodgers@gmail.com');
insert into patient(first_name, last_name, dob, street, city, state, zip_code, phone_no, email) values ('Margaret' ,'Powers','1991-01-02', '4935 Catherine Drive', 'East Grand Forks', 'North Dakota',56721,7013179341, 'margaret.powers@gmail.com');
insert into patient(first_name, last_name, dob, street, city, state, zip_code, phone_no, email) values ('Amy' ,'Phelps','1991-01-15', '364 Bingamon Branch Road', 'Sullivan', 'Wisconsin',53178,8472445848, 'amy.phelps@gmail.com');
insert into patient(first_name, last_name, dob, street, city, state, zip_code, phone_no, email) values ('Veronica' ,'Dawson','1991-12-10', '921 Marie street', 'Annapolis', 'Maryland',21401,4108587688, 'veronica.dawson@gmail.com');
insert into patient(first_name, last_name, dob, street, city, state, zip_code, phone_no, email) values ('Amanda' ,'Lucero','1992-12-06', '2951 Olen Thomas Drive', 'Wichita Falls', 'Texas',76301,9405576186, 'amanda.lucero@gmail.com');
insert into patient(first_name, last_name, dob, street, city, state, zip_code, phone_no, email) values ('Tonya' ,'Miller','1994-07-03', '1311 Rafe Lane', 'Greenwood', 'Mississippi',38930,6627142782, 'tonya.miller@gmail.com');
insert into patient(first_name, last_name, dob, street, city, state, zip_code, phone_no, email) values ('Karen' ,'Maynard','1999-02-18', '599 Lilac Lane', 'Darien', 'Georgia',31305,9124377159, 'karen.maynard@gmail.com');
insert into patient(first_name, last_name, dob, street, city, state, zip_code, phone_no, email) values ('Alyssa' ,'Miranda','1999-04-01', '3128 Tori Lane', 'Greenview', 'Illinois',62642,8016455363, 'alyssa.miranda@gmail.com');
insert into patient(first_name, last_name, dob, street, city, state, zip_code, phone_no, email) values ('Jennifer' ,'Harrington','1964-03-08', '41 Spadafore Drive', 'state College', 'Pennsylvania',16801,8147150156, 'jennifer.harrington@gmail.com');
insert into patient(first_name, last_name, dob, street, city, state, zip_code, phone_no, email) values ('Stacy' ,'White','1968-10-26', '3915 Rhapsody street', 'Inverness', 'Florida',32650,3523446389, 'stacy.white@gmail.com');
insert into patient(first_name, last_name, dob, street, city, state, zip_code, phone_no, email) values ('Amanda' ,'Le','1984-06-17', '1271 Summit Park Avenue', 'Southfield', 'Michigan',48034,2489482017, 'amanda.le@gmail.com');
insert into patient(first_name, last_name, dob, street, city, state, zip_code, phone_no, email) values ('Tracy' ,'Peterson','1988-02-08', '4976 McKinley Avenue', 'Denver', 'Colorado',80202,3038072071, 'tracy.peterson@gmail.com');
insert into patient(first_name, last_name, dob, street, city, state, zip_code, phone_no, email) values ('Amy' ,'Martin','1992-11-16', '2078 Red Dog Road', 'Charlotte', 'North Carolina',28202,7043395859, 'amy.martin@gmail.com');

---------- INSERT INTO patient DEMOGRAPHICS -----------------

insert into patient_demographics(patient_id, gender, race, ethnicity, martial_status, employement_status) values (1, 'M','Other', 'Non Hispanic', 'Unavailable', 'Unemployed');
insert into patient_demographics(patient_id, gender, race, ethnicity, martial_status, employement_status) values (2, 'M','Other', 'Unavailable', 'Married', 'Retired');
insert into patient_demographics(patient_id, gender, race, ethnicity, martial_status, employement_status) values (3, 'M','Black', 'Hispanic', 'Single', 'Unavailable');
insert into patient_demographics(patient_id, gender, race, ethnicity, martial_status, employement_status) values (4, 'M','Black', 'Hispanic', 'Single', 'Unavailable');
insert into patient_demographics(patient_id, gender, race, ethnicity, martial_status, employement_status) values (5, 'M','Asian', 'Unavailable', 'Married', 'Employed');
insert into patient_demographics(patient_id, gender, race, ethnicity, martial_status, employement_status) values (6, 'M','White', 'Non Hispanic', 'Single', 'Unemployed');
insert into patient_demographics(patient_id, gender, race, ethnicity, martial_status, employement_status) values (7, 'M','Black', 'Hispanic', 'Unavailable', 'Retired');
insert into patient_demographics(patient_id, gender, race, ethnicity, martial_status, employement_status) values (8, 'M','Unavailable', 'Hispanic', 'Unavailable', 'Unemployed');
insert into patient_demographics(patient_id, gender, race, ethnicity, martial_status, employement_status) values (9, 'M','White', 'Non Hispanic', 'Divorced', 'Unemployed');
insert into patient_demographics(patient_id, gender, race, ethnicity, martial_status, employement_status) values (10, 'M','Unavailable', 'Non Hispanic', 'Unavailable', 'Unemployed');
insert into patient_demographics(patient_id, gender, race, ethnicity, martial_status, employement_status) values (11, 'M','White', 'Hispanic', 'Single', 'Employed');
insert into patient_demographics(patient_id, gender, race, ethnicity, martial_status, employement_status) values (12, 'M','Unavailable', 'Hispanic', 'Married', 'Unemployed');
insert into patient_demographics(patient_id, gender, race, ethnicity, martial_status, employement_status) values (13, 'M','Asian', 'Hispanic', 'Married', 'Unemployed');
insert into patient_demographics(patient_id, gender, race, ethnicity, martial_status, employement_status) values (14, 'M','Asian', 'Non Hispanic', 'Single', 'Unavailable');
insert into patient_demographics(patient_id, gender, race, ethnicity, martial_status, employement_status) values (15, 'M','Unavailable', 'Unavailable', 'Single', 'Unemployed');
insert into patient_demographics(patient_id, gender, race, ethnicity, martial_status, employement_status) values (16, 'F','Asian', 'Non Hispanic', 'Single', 'Unemployed');
insert into patient_demographics(patient_id, gender, race, ethnicity, martial_status, employement_status) values (17, 'F','Unavailable', 'Unavailable', 'Single', 'Employed');
insert into patient_demographics(patient_id, gender, race, ethnicity, martial_status, employement_status) values (18, 'F','White', 'Hispanic', 'Single', 'Unavailable');
insert into patient_demographics(patient_id, gender, race, ethnicity, martial_status, employement_status) values (19, 'F','Asian', 'Unavailable', 'Single', 'Retired');
insert into patient_demographics(patient_id, gender, race, ethnicity, martial_status, employement_status) values (20, 'F','White', 'Non Hispanic', 'Unavailable', 'Employed');
insert into patient_demographics(patient_id, gender, race, ethnicity, martial_status, employement_status) values (21, 'F','Asian', 'Hispanic', 'Divorced', 'Unemployed');
insert into patient_demographics(patient_id, gender, race, ethnicity, martial_status, employement_status) values (22, 'F','Black', 'Unavailable', 'Single', 'Unemployed');
insert into patient_demographics(patient_id, gender, race, ethnicity, martial_status, employement_status) values (23, 'F','Asian', 'Non Hispanic', 'Single', 'Retired');
insert into patient_demographics(patient_id, gender, race, ethnicity, martial_status, employement_status) values (24, 'F','Other', 'Non Hispanic', 'Unavailable', 'Unemployed');
insert into patient_demographics(patient_id, gender, race, ethnicity, martial_status, employement_status) values (25, 'F','Black', 'Non Hispanic', 'Unavailable', 'Retired');
insert into patient_demographics(patient_id, gender, race, ethnicity, martial_status, employement_status) values (26, 'F','Asian', 'Unavailable', 'Divorced', 'Employed');
insert into patient_demographics(patient_id, gender, race, ethnicity, martial_status, employement_status) values (27, 'F','Unavailable', 'Non Hispanic', 'Divorced', 'Employed');
insert into patient_demographics(patient_id, gender, race, ethnicity, martial_status, employement_status) values (28, 'F','White', 'Hispanic', 'Married', 'Retired');
insert into patient_demographics(patient_id, gender, race, ethnicity, martial_status, employement_status) values (29, 'F','Asian', 'Unavailable', 'Married', 'Unemployed');
insert into patient_demographics(patient_id, gender, race, ethnicity, martial_status, employement_status) values (30, 'F','Unavailable', 'Non Hispanic', 'Divorced', 'Unemployed');

------ INSERT INTO POINT OF CONTACT TABLE ----------------

insert into point_of_contact (patient_id, pc_first_name, pc_last_name, pc_phone_no,pc_email) values (1, 'Anthony' ,'Mendoza',3607027103,'anthony.mendoza@gmail.com'); 
insert into point_of_contact (patient_id, pc_first_name, pc_last_name, pc_phone_no,pc_email) values (2, 'Colleen' ,'Reed',3346093248,'collen.reed@gmail.com'); 
insert into point_of_contact (patient_id, pc_first_name, pc_last_name, pc_phone_no,pc_email) values (3, 'Bobbie' ,'Harper',6463538347,'bobbie.harper@gmail.com'); 
insert into point_of_contact (patient_id, pc_first_name, pc_last_name, pc_phone_no,pc_email) values (4, 'Bernard' ,'Mccormick',4127741666,'bernard.mccormick@gmail.com'); 
insert into point_of_contact (patient_id, pc_first_name, pc_last_name, pc_phone_no,pc_email) values (5, 'Alonzo' ,'Allen',4805511804,'alonzo.allen@gmail.com'); 
insert into point_of_contact (patient_id, pc_first_name, pc_last_name, pc_phone_no,pc_email) values (6, 'Emilio' ,'Klein',2675371407,'emilio.klein@gmail.com'); 
insert into point_of_contact (patient_id, pc_first_name, pc_last_name, pc_phone_no,pc_email) values (7, 'Toni' ,'Collins',5592178932,'toni.collins@gmail.com'); 
insert into point_of_contact (patient_id, pc_first_name, pc_last_name, pc_phone_no,pc_email) values (8, 'Arlene' ,'Bridges',7725386959,'arlene.bridges@gmail.com'); 
insert into point_of_contact (patient_id, pc_first_name, pc_last_name, pc_phone_no,pc_email) values (9, 'Rufus' ,'Russell',3473391104,'rufus.russell@gmail.com'); 
insert into point_of_contact (patient_id, pc_first_name, pc_last_name, pc_phone_no,pc_email) values (10, 'Salvador' ,'Barnett',3402205144,'salvador.barnett@gmail.com'); 
insert into point_of_contact (patient_id, pc_first_name, pc_last_name, pc_phone_no,pc_email) values (11, 'Tracy' ,'Mullins',2814701730,'tracy.mullins@gmail.com'); 
insert into point_of_contact (patient_id, pc_first_name, pc_last_name, pc_phone_no,pc_email) values (12, 'Glen' ,'Ruiz',7753539431,'glen.ruiz@gmail.com'); 
insert into point_of_contact (patient_id, pc_first_name, pc_last_name, pc_phone_no,pc_email) values (13, 'Conrad' ,'Patrick',6083474141,'conrad.patrick@gmail.com'); 
insert into point_of_contact (patient_id, pc_first_name, pc_last_name, pc_phone_no,pc_email) values (14, 'Georgia' ,'Hunter',4195306136,'georgia.hunter@gmail.com'); 
insert into point_of_contact (patient_id, pc_first_name, pc_last_name, pc_phone_no,pc_email) values (15, 'Brendan' ,'Daniel',2139638469,'brenden.daniel@gmail.com'); 
insert into point_of_contact (patient_id, pc_first_name, pc_last_name, pc_phone_no,pc_email) values (16, 'Tricia' ,'Vaughn',2066024801,'tricia.vaughn@gmail.com'); 
insert into point_of_contact (patient_id, pc_first_name, pc_last_name, pc_phone_no,pc_email) values (17, 'Christian' ,'Armstrong',4432104071,'christian.armstrong@gmail.com'); 
insert into point_of_contact (patient_id, pc_first_name, pc_last_name, pc_phone_no,pc_email) values (18, 'Casey' ,'Huff',5673514078,'casey.huff@gmail.com'); 
insert into point_of_contact (patient_id, pc_first_name, pc_last_name, pc_phone_no,pc_email) values (19, 'Luz' ,'Moss',2603571958,'luz.moss@gmail.com'); 
insert into point_of_contact (patient_id, pc_first_name, pc_last_name, pc_phone_no,pc_email) values (20, 'Alexis' ,'Rivera',4082447244,'alexis.rivera@gmail.com'); 
insert into point_of_contact (patient_id, pc_first_name, pc_last_name, pc_phone_no,pc_email) values (21, 'June' ,'Herrera',4108587688,'june.herrera@gmail.com'); 
insert into point_of_contact (patient_id, pc_first_name, pc_last_name, pc_phone_no,pc_email) values (22, 'Marilyn' ,'Reyes',9405576186,'marilyn.reyes@gmail.com'); 
insert into point_of_contact (patient_id, pc_first_name, pc_last_name, pc_phone_no,pc_email) values (23, 'Penny' ,'Harrison',6627142782,'penny.harrison@gmail.com'); 
insert into point_of_contact (patient_id, pc_first_name, pc_last_name, pc_phone_no,pc_email) values (24, 'Kyle' ,'Sims',9124377159,'kyle.sims@gmail.com'); 
insert into point_of_contact (patient_id, pc_first_name, pc_last_name, pc_phone_no,pc_email) values (25, 'Elvira' ,'Howard',8016455363,'elvira.howard@gmail.com'); 
insert into point_of_contact (patient_id, pc_first_name, pc_last_name, pc_phone_no,pc_email) values (26, 'Jeannie' ,'Morrison',8147150156,'jeannie.morrison@gmail.com'); 
insert into point_of_contact (patient_id, pc_first_name, pc_last_name, pc_phone_no,pc_email) values (27, 'Jo' ,'Boyd',3523446389,'jo.boyd@gmail.com'); 
insert into point_of_contact (patient_id, pc_first_name, pc_last_name, pc_phone_no,pc_email) values (28,'Barbara' ,'Walsh',2489482017,'barbara.walsh@gmail.com');
insert into point_of_contact (patient_id, pc_first_name, pc_last_name, pc_phone_no,pc_email) values (29, 'Tony' ,'Silva',3038072071,'tony.silva@gmail.com'); 
insert into point_of_contact (patient_id, pc_first_name, pc_last_name, pc_phone_no,pc_email) values (30, 'Jose' ,'Richards',7043395859,'jose.richards@gmail.com');

-------- INSERT INTO dOCTOR ----------

insert into doctor( designation, first_name, last_name, contact_no) values ( 'Hospital pharmacist', 'Beatrice', 'Reid', 6464997392); 
insert into doctor( designation, first_name, last_name, contact_no) values ( 'Attending physician', 'Ora', 'Walters', 6615071463); 
insert into doctor( designation, first_name, last_name, contact_no) values ( 'Radiologist', 'Sonja', 'Reeves', 7622186962); 
insert into doctor( designation, first_name, last_name, contact_no) values ( 'Chief Medical Officer', 'Olive', 'Briggs', 5635783510); 
insert into doctor( designation, first_name, last_name, contact_no) values ( 'Social worker', 'Jacob', 'Warren', 5304923382); 
insert into doctor( designation, first_name, last_name, contact_no) values ( 'Surgeon', 'Miriam', 'Carson', 6463937961); 
insert into doctor( designation, first_name, last_name, contact_no) values ( 'Internal Medicine', 'Steven', 'Murphy', 2512336069); 
insert into doctor( designation, first_name, last_name, contact_no) values ( 'Oncologist', 'Loren', 'Carter', 21596925); 
insert into doctor( designation, first_name, last_name, contact_no) values ( 'Social worker', 'Alonzo', 'Chambers', 5166337818); 
insert into doctor( designation, first_name, last_name, contact_no) values ( 'Pathologist', 'Tiffany', 'Jimenez', 5177433142); 
insert into doctor( designation, first_name, last_name, contact_no) values ( 'Cardiologist', 'Cheryl', 'Barber', 3094655777); 
insert into doctor( designation, first_name, last_name, contact_no) values ( 'Hospital pharmacist', 'Sally', 'Jones', 5128129786); 
insert into doctor( designation, first_name, last_name, contact_no) values ( 'Physical therapist', 'Norma', 'Holmes', 4145907344); 
insert into doctor( designation, first_name, last_name, contact_no) values ( 'Emergency physician', 'Freda', 'Shaw', 4056339180); 
insert into doctor( designation, first_name, last_name, contact_no) values ( 'Neurologist', 'Charles', 'Dean', 5169928384); 
insert into doctor( designation, first_name, last_name, contact_no) values ( 'Internal Medicine', 'Travis', 'Powers', 5615754961); 
insert into doctor( designation, first_name, last_name, contact_no) values ( 'Surgeon', 'Robyn', 'Mcgee', 4782185613); 
insert into doctor( designation, first_name, last_name, contact_no) values ( 'Internal Medicine', 'Barry', 'Bates', 4356365213); 
insert into doctor( designation, first_name, last_name, contact_no) values ( 'Pulmonologist', 'Stephen', 'Marshall', 2696862425); 
insert into doctor( designation, first_name, last_name, contact_no) values ( 'Neurologist', 'Cora', 'James', 6083778239); 
insert into doctor( designation, first_name, last_name, contact_no) values ( 'Attending physician', 'Ricky', 'Williams', 4099166239); 
insert into doctor( designation, first_name, last_name, contact_no) values ( 'Cardiologist', 'Katrina', 'Payne', 5087166020); 
insert into doctor( designation, first_name, last_name, contact_no) values ( 'Resident Doctor', 'Mandy', 'Ford', 2538916760); 
insert into doctor( designation, first_name, last_name, contact_no) values ( 'Clinical Assitant', 'Saul', 'Mckenzie', 6262027774); 
insert into doctor( designation, first_name, last_name, contact_no) values ( 'Attending physician', 'Henry', 'Wilson', 4046504772); 
insert into doctor( designation, first_name, last_name, contact_no) values ( 'Anesthesiologist', 'Marilyn', 'Walker', 8436486753); 
insert into doctor( designation, first_name, last_name, contact_no) values ( 'Physical therapist', 'Olivia', 'Gibbs', 7757536245); 
insert into doctor( designation, first_name, last_name, contact_no) values ( 'Clinical Assitant', 'Herman', 'Rice', 5176174509); 
insert into doctor( designation, first_name, last_name, contact_no) values ( 'Oncologist', 'Lynda', 'Turner', 3196351163); 
insert into doctor( designation, first_name, last_name, contact_no) values ( 'Cardiologist', 'Cary', 'Thornton', 21289071); 
insert into doctor( designation, first_name, last_name, contact_no) values ( 'Hospital pharmacist', 'Glen', 'Miles', 6502379573); 
insert into doctor( designation, first_name, last_name, contact_no) values ( 'Pathologist', 'Jimmie', 'Davidson', 3392004325); 
insert into doctor( designation, first_name, last_name, contact_no) values ( 'Oncologist', 'Eunice', 'Santiago', 4242718458); 
insert into doctor( designation, first_name, last_name, contact_no) values ( 'Cardiologist', 'Penny', 'Johnson', 3084142562); 
insert into doctor( designation, first_name, last_name, contact_no) values ( 'Psychiatrist', 'Isabel', 'Peters', 6037804371); 
insert into doctor( designation, first_name, last_name, contact_no) values ( 'Internal Medicine', 'Adrian', 'Dunn', 5027172040); 
insert into doctor( designation, first_name, last_name, contact_no) values ( 'Resident doctor', 'Annette', 'Blair', 6672134553); 
insert into doctor( designation, first_name, last_name, contact_no) values ( 'Neurologist', 'Joseph', 'Ellis', 2097048736); 
insert into doctor( designation, first_name, last_name, contact_no) values ( 'Resident doctor', 'Janis', 'Alvarado', 6143088930); 
insert into doctor( designation, first_name, last_name, contact_no) values ( 'Chief executive officer', 'Marty', 'Freeman', 7572162112); 
insert into doctor( designation, first_name, last_name, contact_no) values ( 'Social worker', 'Leon', 'Hopkins', 2145385925); 
insert into doctor( designation, first_name, last_name, contact_no) values ( 'Pathologist', 'Ken', 'Rodriquez', 3312622458); 
insert into doctor( designation, first_name, last_name, contact_no) values ( 'Surgeon', 'Jill', 'Anderson', 2133092734); 
insert into doctor( designation, first_name, last_name, contact_no) values ( 'Physical therapist', 'Mercedes', 'Doyle', 2314977093); 
insert into doctor( designation, first_name, last_name, contact_no) values ('Ophthalmologist', 'Carolyn', 'Gonzales', 2085226456); 
insert into doctor( designation, first_name, last_name, contact_no) values ( 'Emergency physician', 'Benny', 'Lewis', 3128994232); 
insert into doctor( designation, first_name, last_name, contact_no) values ( 'Neurologist', 'Mario', 'Maxwell', 4235254938); 
insert into doctor( designation, first_name, last_name, contact_no) values ( 'Surgeon', 'Lydia', 'Greer', 5126143618); 
insert into doctor( designation, first_name, last_name, contact_no) values ( 'Emergency physician', 'Wanda', 'Lopez', 4702078477); 
insert into doctor( designation, first_name, last_name, contact_no) values ( 'Cardiologist', 'Jimmy', 'Fields', 4235963194); 

--------- INSERT INTO Symptom Details ---------
insert into symptom_details(symptom_name) values ('N/A');
insert into symptom_details(symptom_name) values ('Abdominal pain');
insert into symptom_details(symptom_name) values ('Chest Pain');
insert into symptom_details(symptom_name) values ('Stomach Flu');
insert into symptom_details(symptom_name) values ('Weight loss');
insert into symptom_details(symptom_name) values ('Fever');
insert into symptom_details(symptom_name) values ('Fatigue');
insert into symptom_details(symptom_name) values ('Nausea');
insert into symptom_details(symptom_name) values ('Jaundice');
insert into symptom_details(symptom_name) values ('Anxiety');
insert into symptom_details(symptom_name) values ('Bad cough');
insert into symptom_details(symptom_name) values ('Vomiting');
insert into symptom_details(symptom_name) values ('Internal Bleeding');
insert into symptom_details(symptom_name) values ('Skin Infection');
insert into symptom_details(symptom_name) values ('Anal Pain');
insert into symptom_details(symptom_name) values ('Back Pain');
insert into symptom_details(symptom_name) values ('Blood Clots');
insert into symptom_details(symptom_name) values ('Epiphora');
insert into symptom_details(symptom_name) values ('Painful Urination');
insert into symptom_details(symptom_name) values ('Hyperhidrosis');
insert into symptom_details(symptom_name) values ('Blurry Vision');
insert into symptom_details(symptom_name) values ('Joint Pain');
insert into symptom_details(symptom_name) values ('Shortness in breath');
insert into symptom_details(symptom_name) values ('Headache');
insert into symptom_details(symptom_name) values ('Disorientation');

------- INSERT INTO diagnosis Details -----------

insert into diagnosis_details(diagnosis_name) values ('Congestive heart failure (CHF)');
insert into diagnosis_details(diagnosis_name) values ('Acute myocardial infarction');
insert into diagnosis_details(diagnosis_name) values ('Cardiac dysrhythmia');
insert into diagnosis_details(diagnosis_name) values ('Lumbago');
insert into diagnosis_details(diagnosis_name) values ('Chronic obstructive pulmonary disease (COPD)');
insert into diagnosis_details(diagnosis_name) values ('Atrial fibrillation');
insert into diagnosis_details(diagnosis_name) values ('Diabetes Type I');
insert into diagnosis_details(diagnosis_name) values ('Diabetes Type II');
insert into diagnosis_details(diagnosis_name) values ('Urinary tract infection (UTI)');
insert into diagnosis_details(diagnosis_name) values ('Abdominal infection');
insert into diagnosis_details(diagnosis_name) values ('Osteoarthritis');
insert into diagnosis_details(diagnosis_name) values ('Jaundice');
insert into diagnosis_details(diagnosis_name) values ('Hypertension');
insert into diagnosis_details(diagnosis_name) values ('Surgical Complication');
insert into diagnosis_details(diagnosis_name) values ('Heart failure');
insert into diagnosis_details(diagnosis_name) values ('Acute bronchitis');
insert into diagnosis_details(diagnosis_name) values ('Pneumonia');
insert into diagnosis_details(diagnosis_name) values ('COVID-19');
insert into diagnosis_details(diagnosis_name) values ('Basal cell carcinoma of skin');
insert into diagnosis_details(diagnosis_name) values ('Carcinoma in stomach');
insert into diagnosis_details(diagnosis_name) values ('Carcinoma in eye');
insert into diagnosis_details(diagnosis_name) values ('Cerebral infraction');
insert into diagnosis_details(diagnosis_name) values ('Clostridium difficile (C.Diff)');
insert into diagnosis_details(diagnosis_name) values ('Sepsis');
insert into diagnosis_details(diagnosis_name) values ('Severe sepsis');
insert into diagnosis_details(diagnosis_name) values ('Common Flu');

-------- INSERT INTO patient Appointment Details --------------

insert into patient_appointment_details( patient_id, doctor_id, appointment_date, admit_type, hospital_name) values (15, 39, '2020-01-05', 'Emergency', 'Mass General'); 
insert into patient_appointment_details( patient_id, doctor_id, appointment_date, admit_type, hospital_name) values (21, 37, '2020-01-20', 'Emergency', 'Boston Public Hospital'); 
insert into patient_appointment_details( patient_id, doctor_id, appointment_date, admit_type, hospital_name) values (24, 39, '2020-01-23', 'Elective', 'Mass Hospital'); 
insert into patient_appointment_details( patient_id, doctor_id, appointment_date, admit_type, hospital_name) values (1, 2, '2020-02-05', 'Emergency', 'Park street Hospital'); 
insert into patient_appointment_details( patient_id, doctor_id, appointment_date, admit_type, hospital_name) values (13, 37, '2020-02-08', 'Urgent', 'Park street Hospital'); 
insert into patient_appointment_details( patient_id, doctor_id, appointment_date, admit_type, hospital_name) values (9, 2, '2020-02-11', 'Emergency', 'Tremont Hospital'); 
insert into patient_appointment_details( patient_id, doctor_id, appointment_date, admit_type, hospital_name) values (30, 23, '2020-02-23', 'Elective', 'state Hospital'); 
insert into patient_appointment_details( patient_id, doctor_id, appointment_date, admit_type, hospital_name) values (1, 25, '2020-02-23', 'Emergency', 'Woburn Hospital'); 
insert into patient_appointment_details( patient_id, doctor_id, appointment_date, admit_type, hospital_name) values (27, 14, '2020-02-26', 'Emergency', 'Multicare Hospital'); 
insert into patient_appointment_details( patient_id, doctor_id, appointment_date, admit_type, hospital_name) values (9, 43, '2020-03-10', 'Emergency', 'Woburn Hospital'); 
insert into patient_appointment_details( patient_id, doctor_id, appointment_date, admit_type, hospital_name) values (5, 46, '2020-03-11', 'Urgent', 'Woburn Hospital'); 
insert into patient_appointment_details( patient_id, doctor_id, appointment_date, admit_type, hospital_name) values (20, 43, '2020-03-11', 'Emergency', 'Brigham Hospital'); 
insert into patient_appointment_details( patient_id, doctor_id, appointment_date, admit_type, hospital_name) values (29, 49, '2020-03-13', 'Emergency', 'Lowell Hospital'); 
insert into patient_appointment_details( patient_id, doctor_id, appointment_date, admit_type, hospital_name) values ( 14, 48, '2020-03-17', 'Elective', 'Tremont Hospital'); 
insert into patient_appointment_details( patient_id, doctor_id, appointment_date, admit_type, hospital_name) values (16, 23, '2020-04-07', 'Urgent', '5 Star Hospital'); 
insert into patient_appointment_details( patient_id, doctor_id, appointment_date, admit_type, hospital_name) values (28, 25, '2020-04-10', 'Emergency', 'Brigham Hospital'); 
insert into patient_appointment_details( patient_id, doctor_id, appointment_date, admit_type, hospital_name) values (15, 39, '2020-04-20', 'Emergency', 'Boston Public Hospital'); 
insert into patient_appointment_details( patient_id, doctor_id, appointment_date, admit_type, hospital_name) values (15, 14, '2020-04-20', 'Elective', 'Lowell Hospital'); 
insert into patient_appointment_details( patient_id, doctor_id, appointment_date, admit_type, hospital_name) values (30, 23, '2020-04-21', 'Emergency', 'Lowell Hospital'); 
insert into patient_appointment_details( patient_id, doctor_id, appointment_date, admit_type, hospital_name) values (18, 49, '2020-05-19', 'Elective', 'Woburn Hospital'); 
insert into patient_appointment_details( patient_id, doctor_id, appointment_date, admit_type, hospital_name) values (30, 17, '2020-05-27', 'Emergency', 'Woburn Hospital'); 
insert into patient_appointment_details( patient_id, doctor_id, appointment_date, admit_type, hospital_name) values (24, 21, '2020-07-04', 'Urgent', 'state Hospital'); 
insert into patient_appointment_details( patient_id, doctor_id, appointment_date, admit_type, hospital_name) values (9, 46, '2020-07-07', 'Elective', 'state Hospital'); 
insert into patient_appointment_details( patient_id, doctor_id, appointment_date, admit_type, hospital_name) values (1, 21, '2020-07-24', 'Elective', 'Mass Hospital'); 
insert into patient_appointment_details( patient_id, doctor_id, appointment_date, admit_type, hospital_name) values (16, 48, '2020-07-28', 'Emergency', 'Boston Public Hospital'); 
insert into patient_appointment_details( patient_id, doctor_id, appointment_date, admit_type, hospital_name) values (27, 6, '2020-07-31', 'Elective', 'Mass Hospital'); 
insert into patient_appointment_details( patient_id, doctor_id, appointment_date, admit_type, hospital_name) values (20, 46, '2020-08-06', 'Urgent', 'Park street Hospital'); 
insert into patient_appointment_details( patient_id, doctor_id, appointment_date, admit_type, hospital_name) values (7, 21, '2020-08-13', 'Elective', 'Boston Public Hospital'); 
insert into patient_appointment_details( patient_id, doctor_id, appointment_date, admit_type, hospital_name) values (21, 17, '2020-09-03', 'Emergency', 'Woburn Hospital'); 
insert into patient_appointment_details( patient_id, doctor_id, appointment_date, admit_type, hospital_name) values (30, 25, '2020-09-04', 'Elective', 'Woburn Hospital'); 
insert into patient_appointment_details( patient_id, doctor_id, appointment_date, admit_type, hospital_name) values (27, 17, '2020-09-23', 'Urgent', 'Tremont Hospital'); 
insert into patient_appointment_details( patient_id, doctor_id, appointment_date, admit_type, hospital_name) values (2, 43, '2020-09-25', 'Urgent', 'Tremont Hospital'); 
insert into patient_appointment_details( patient_id, doctor_id, appointment_date, admit_type, hospital_name) values (27, 46, '2020-10-24', 'Urgent', 'Boston Public Hospital'); 
insert into patient_appointment_details( patient_id, doctor_id, appointment_date, admit_type, hospital_name) values (26, 23, '2020-10-25', 'Emergency', 'Tremont Hospital'); 
insert into patient_appointment_details( patient_id, doctor_id, appointment_date, admit_type, hospital_name) values (13, 6, '2020-10-31', 'Elective', 'Lowell Hospital'); 
insert into patient_appointment_details( patient_id, doctor_id, appointment_date, admit_type, hospital_name) values (12, 14, '2020-11-14', 'Elective', 'Lowell Hospital'); 
insert into patient_appointment_details( patient_id, doctor_id, appointment_date, admit_type, hospital_name) values (25, 25, '2020-11-15', 'Elective', 'Multicare Hospital'); 
insert into patient_appointment_details( patient_id, doctor_id, appointment_date, admit_type, hospital_name) values (29, 21, '2020-11-16', 'Elective', 'Multicare Hospital'); 
insert into patient_appointment_details( patient_id, doctor_id, appointment_date, admit_type, hospital_name) values (3, 14, '2020-11-19', 'Urgent', 'Mass Hospital'); 
insert into patient_appointment_details( patient_id, doctor_id, appointment_date, admit_type, hospital_name) values (16, 23, '2020-12-07', 'Emergency', 'Mass General'); 
insert into patient_appointment_details( patient_id, doctor_id, appointment_date, admit_type, hospital_name) values (30, 14, '2020-12-07', 'Emergency', 'Woburn Hospital'); 
insert into patient_appointment_details( patient_id, doctor_id, appointment_date, admit_type, hospital_name) values (17, 17, '2020-12-18', 'Urgent', 'Tremont Hospital'); 
insert into patient_appointment_details( patient_id, doctor_id, appointment_date, admit_type, hospital_name) values (18, 49, '2020-12-19', 'Elective', 'state Hospital'); 
insert into patient_appointment_details( patient_id, doctor_id, appointment_date, admit_type, hospital_name) values (13, 49, '2020-12-21', 'Urgent', 'Woburn Hospital'); 
insert into patient_appointment_details( patient_id, doctor_id, appointment_date, admit_type, hospital_name) values (30, 43, '2020-12-26', 'Emergency', 'Lowell Hospital'); 
insert into patient_appointment_details( patient_id, doctor_id, appointment_date, admit_type, hospital_name) values (19, 23, '2021-01-01', 'Urgent', 'Mass Hospital'); 
insert into patient_appointment_details( patient_id, doctor_id, appointment_date, admit_type, hospital_name) values (19, 43, '2021-01-03', 'Elective', 'Brigham Hospital'); 
insert into patient_appointment_details( patient_id, doctor_id, appointment_date, admit_type, hospital_name) values (8, 17, '2021-01-04', 'Emergency', '5 Star Hospital'); 
insert into patient_appointment_details( patient_id, doctor_id, appointment_date, admit_type, hospital_name) values (6, 23, '2021-01-10', 'Urgent', 'Mass Hospital'); 
insert into patient_appointment_details( patient_id, doctor_id, appointment_date, admit_type, hospital_name) values (22, 23, '2021-01-22', 'Elective', 'Woburn Hospital'); 
insert into patient_appointment_details( patient_id, doctor_id, appointment_date, admit_type, hospital_name) values (2, 43, '2021-01-23', 'Elective', 'Boston Public Hospital'); 
insert into patient_appointment_details( patient_id, doctor_id, appointment_date, admit_type, hospital_name) values (18, 17, '2021-01-27', 'Elective', 'Boston Public Hospital'); 
insert into patient_appointment_details( patient_id, doctor_id, appointment_date, admit_type, hospital_name) values (24, 6, '2021-02-24', 'Elective', 'Boston Public Hospital'); 
insert into patient_appointment_details( patient_id, doctor_id, appointment_date, admit_type, hospital_name) values (23, 23, '2021-02-28', 'Elective', 'state Hospital'); 
insert into patient_appointment_details( patient_id, doctor_id, appointment_date, admit_type, hospital_name) values (8, 14, '2021-03-29', 'Urgent', 'Woburn Hospital'); 
insert into patient_appointment_details( patient_id, doctor_id, appointment_date, admit_type, hospital_name) values (30, 23, '2021-03-30', 'Emergency', 'Tremont Hospital'); 
insert into patient_appointment_details( patient_id, doctor_id, appointment_date, admit_type, hospital_name) values (17, 37, '2021-04-07', 'Urgent', 'Lowell Hospital'); 
insert into patient_appointment_details( patient_id, doctor_id, appointment_date, admit_type, hospital_name) values (12, 2, '2021-04-30', 'Urgent', 'Boston Public Hospital'); 
insert into patient_appointment_details( patient_id, doctor_id, appointment_date, admit_type, hospital_name) values (16, 2, '2021-05-10', 'Emergency', 'Park street Hospital'); 
insert into patient_appointment_details( patient_id, doctor_id, appointment_date, admit_type, hospital_name) values (30, 25, '2021-05-14', 'Emergency', 'Mass General'); 
insert into patient_appointment_details( patient_id, doctor_id, appointment_date, admit_type, hospital_name) values (13, 37, '2021-05-17', 'Elective', 'Mass Hospital'); 
insert into patient_appointment_details( patient_id, doctor_id, appointment_date, admit_type, hospital_name) values (16, 37, '2021-05-23', 'Elective', '5 Star Hospital'); 
insert into patient_appointment_details( patient_id, doctor_id, appointment_date, admit_type, hospital_name) values (15, 2, '2021-05-26', 'Urgent', 'Park street Hospital'); 
insert into patient_appointment_details( patient_id, doctor_id, appointment_date, admit_type, hospital_name) values (6, 14, '2021-06-02', 'Urgent', 'Brigham Hospital'); 
insert into patient_appointment_details( patient_id, doctor_id, appointment_date, admit_type, hospital_name) values (6, 37, '2021-06-09', 'Elective', '5 Star Hospital'); 
insert into patient_appointment_details( patient_id, doctor_id, appointment_date, admit_type, hospital_name) values (26, 43, '2021-06-18', 'Urgent', 'Park street Hospital'); 
insert into patient_appointment_details( patient_id, doctor_id, appointment_date, admit_type, hospital_name) values (22, 46, '2021-06-20', 'Elective', 'Lowell Hospital'); 
insert into patient_appointment_details( patient_id, doctor_id, appointment_date, admit_type, hospital_name) values (15, 14, '2021-06-23', 'Urgent', 'Park street Hospital'); 
insert into patient_appointment_details( patient_id, doctor_id, appointment_date, admit_type, hospital_name) values (1, 25, '2021-07-12', 'Urgent', 'Tremont Hospital'); 
insert into patient_appointment_details( patient_id, doctor_id, appointment_date, admit_type, hospital_name) values (29, 39, '2021-07-25', 'Elective', '5 Star Hospital'); 
insert into patient_appointment_details( patient_id, doctor_id, appointment_date, admit_type, hospital_name) values (13, 21, '2021-08-01', 'Emergency', 'state Hospital'); 
insert into patient_appointment_details( patient_id, doctor_id, appointment_date, admit_type, hospital_name) values (11, 40, '2021-08-06', 'Urgent', '5 Star Hospital'); 
insert into patient_appointment_details( patient_id, doctor_id, appointment_date, admit_type, hospital_name) values (29, 6, '2021-08-12', 'Emergency', 'Lowell Hospital'); 
insert into patient_appointment_details( patient_id, doctor_id, appointment_date, admit_type, hospital_name) values (8, 39, '2021-08-16', 'Elective', '5 Star Hospital'); 
insert into patient_appointment_details( patient_id, doctor_id, appointment_date, admit_type, hospital_name) values (1, 37, '2021-09-09', 'Emergency', 'Brigham Hospital'); 
insert into patient_appointment_details( patient_id, doctor_id, appointment_date, admit_type, hospital_name) values (2, 49, '2021-09-19', 'Urgent', 'Tremont Hospital'); 
insert into patient_appointment_details( patient_id, doctor_id, appointment_date, admit_type, hospital_name) values (23, 49, '2021-09-21', 'Elective', 'state Hospital'); 
insert into patient_appointment_details( patient_id, doctor_id, appointment_date, admit_type, hospital_name) values (22, 25, '2021-10-15', 'Elective', 'Park street Hospital'); 
insert into patient_appointment_details( patient_id, doctor_id, appointment_date, admit_type, hospital_name) values (20, 37, '2021-10-16', 'Urgent', 'Mass General'); 
insert into patient_appointment_details( patient_id, doctor_id, appointment_date, admit_type, hospital_name) values (20, 22, '2021-10-16', 'Elective', 'Mass General'); 
insert into patient_appointment_details( patient_id, doctor_id, appointment_date, admit_type, hospital_name) values (18, 46, '2021-10-28', 'Elective', '5 Star Hospital'); 
insert into patient_appointment_details( patient_id, doctor_id, appointment_date, admit_type, hospital_name) values (28, 25, '2021-10-29', 'Emergency', 'Lowell Hospital'); 
insert into patient_appointment_details( patient_id, doctor_id, appointment_date, admit_type, hospital_name) values (21, 46, '2021-11-06', 'Elective', 'Park street Hospital'); 
insert into patient_appointment_details( patient_id, doctor_id, appointment_date, admit_type, hospital_name) values (10, 17, '2021-11-10', 'Elective', 'Woburn Hospital'); 
insert into patient_appointment_details( patient_id, doctor_id, appointment_date, admit_type, hospital_name) values (18, 2, '2021-11-14', 'Emergency', 'Boston Public Hospital'); 
insert into patient_appointment_details( patient_id, doctor_id, appointment_date, admit_type, hospital_name) values (6, 14, '2021-11-25', 'Emergency', 'Lowell Hospital'); 
insert into patient_appointment_details( patient_id, doctor_id, appointment_date, admit_type, hospital_name) values (27, 25, '2021-12-27', 'Emergency', '5 Star Hospital'); 
insert into patient_appointment_details( patient_id, doctor_id, appointment_date, admit_type, hospital_name) values (25, 21, '2021-12-28', 'Elective', 'Boston Public Hospital'); 
insert into patient_appointment_details( patient_id, doctor_id, appointment_date, admit_type, hospital_name) values (7, 46, '2022-01-08', 'Emergency', 'state Hospital'); 
insert into patient_appointment_details( patient_id, doctor_id, appointment_date, admit_type, hospital_name) values (2, 43, '2022-01-15', 'Emergency', 'Mass Hospital'); 
insert into patient_appointment_details( patient_id, doctor_id, appointment_date, admit_type, hospital_name) values (19, 49, '2022-01-15', 'Elective', '5 Star Hospital'); 
insert into patient_appointment_details( patient_id, doctor_id, appointment_date, admit_type, hospital_name) values (9, 48, '2022-01-18', 'Emergency', 'Boston Public Hospital'); 
insert into patient_appointment_details( patient_id, doctor_id, appointment_date, admit_type, hospital_name) values (15, 21, '2022-01-23', 'Urgent', 'Lowell Hospital'); 
insert into patient_appointment_details( patient_id, doctor_id, appointment_date, admit_type, hospital_name) values (23, 14, '2022-01-25', 'Elective', 'Park street Hospital'); 
insert into patient_appointment_details( patient_id, doctor_id, appointment_date, admit_type, hospital_name) values (3, 25, '2022-02-16', 'Emergency', 'Park street Hospital'); 
insert into patient_appointment_details( patient_id, doctor_id, appointment_date, admit_type, hospital_name) values (5, 21, '2022-02-20', 'Emergency', 'Brigham Hospital'); 
insert into patient_appointment_details( patient_id, doctor_id, appointment_date, admit_type, hospital_name) values (23, 46, '2022-02-21', 'Urgent', 'Boston Public Hospital'); 
insert into patient_appointment_details( patient_id, doctor_id, appointment_date, admit_type, hospital_name) values (9, 25, '2022-02-25', 'Elective', 'Mass Hospital'); 
insert into patient_appointment_details( patient_id, doctor_id, appointment_date, admit_type, hospital_name) values (24, 2, '2022-03-17', 'Elective', 'Multicare Hospital'); 
insert into patient_appointment_details( patient_id, doctor_id, appointment_date, admit_type, hospital_name) values (18, 43, '2022-03-17', 'Elective', 'Woburn Hospital'); 
insert into patient_appointment_details( patient_id, doctor_id, appointment_date, admit_type, hospital_name) values (2, 43, '2022-03-17', 'Emergency', 'Mass Hospital'); 
insert into patient_appointment_details( patient_id, doctor_id, appointment_date, admit_type, hospital_name) values (9, 48, '2022-03-17', 'Emergency', 'Boston Public Hospital'); 
insert into patient_appointment_details( patient_id, doctor_id, appointment_date, admit_type, hospital_name) values (1, 37, '2022-03-18', 'Emergency', 'Brigham Hospital'); 
insert into patient_appointment_details( patient_id, doctor_id, appointment_date, admit_type, hospital_name) values (20, 43, '2022-03-19', 'Emergency', 'Brigham Hospital'); 
insert into patient_appointment_details( patient_id, doctor_id, appointment_date, admit_type, hospital_name) values (29, 49, '2022-03-25', 'Emergency', 'Lowell Hospital'); 
insert into patient_appointment_details( patient_id, doctor_id, appointment_date, admit_type, hospital_name) values (14, 48, '2022-04-02', 'Elective', 'Tremont Hospital'); 
insert into patient_appointment_details( patient_id, doctor_id, appointment_date, admit_type, hospital_name) values (16, 23, '2022-04-04', 'Urgent', '5 Star Hospital'); 
insert into patient_appointment_details( patient_id, doctor_id, appointment_date, admit_type, hospital_name) values (28, 25, '2022-04-05', 'Emergency', 'Brigham Hospital'); 
insert into patient_appointment_details( patient_id, doctor_id, appointment_date, admit_type, hospital_name) values (15, 39, '2022-04-06', 'Emergency', 'Boston Public Hospital'); 
insert into patient_appointment_details( patient_id, doctor_id, appointment_date, admit_type, hospital_name) values (30, 23, '2022-04-07', 'Emergency', 'Lowell Hospital'); 

------- INSERT INTO symptoms --------

insert into symptoms( appointment_id, symptom_id, duration, doctor_id) values (1, 1, 0, 1);
insert into symptoms( appointment_id, symptom_id, duration, doctor_id) values (2, 1, 0, 2);
insert into symptoms( appointment_id, symptom_id, duration, doctor_id) values (3, 23, 25, 3);
insert into symptoms( appointment_id, symptom_id, duration, doctor_id) values (3, 15, 42, 4);
insert into symptoms( appointment_id, symptom_id, duration, doctor_id) values (4, 1, 0, 5);
insert into symptoms( appointment_id, symptom_id, duration, doctor_id) values (5, 25, 15, 6);
insert into symptoms( appointment_id, symptom_id, duration, doctor_id) values (5, 13, 47, 7);
insert into symptoms( appointment_id, symptom_id, duration, doctor_id) values (6, 1, 0, 8);
insert into symptoms( appointment_id, symptom_id, duration, doctor_id) values (7, 21, 23, 9);
insert into symptoms( appointment_id, symptom_id, duration, doctor_id) values (7, 22, 38, 10);
insert into symptoms( appointment_id, symptom_id, duration, doctor_id) values (7, 23, 28, 11);
insert into symptoms( appointment_id, symptom_id, duration, doctor_id) values (8, 1, 0, 12);
insert into symptoms( appointment_id, symptom_id, duration, doctor_id) values (9, 1, 0, 13);
insert into symptoms( appointment_id, symptom_id, duration, doctor_id) values (10, 1, 0, 14);
insert into symptoms( appointment_id, symptom_id, duration, doctor_id) values (11, 13, 30, 15);
insert into symptoms( appointment_id, symptom_id, duration, doctor_id) values (12, 1, 0, 16);
insert into symptoms( appointment_id, symptom_id, duration, doctor_id) values (13, 1, 0, 17);
insert into symptoms( appointment_id, symptom_id, duration, doctor_id) values (14, 1, 4, 18);
insert into symptoms( appointment_id, symptom_id, duration, doctor_id) values (14, 19, 39, 19);
insert into symptoms( appointment_id, symptom_id, duration, doctor_id) values (15, 1, 14, 20);
insert into symptoms( appointment_id, symptom_id, duration, doctor_id) values (16, 1, 0, 21);
insert into symptoms( appointment_id, symptom_id, duration, doctor_id) values (17, 1, 0, 22);
insert into symptoms( appointment_id, symptom_id, duration, doctor_id) values (18, 23, 19, 23);
insert into symptoms( appointment_id, symptom_id, duration, doctor_id) values (19, 1, 0, 24);
insert into symptoms( appointment_id, symptom_id, duration, doctor_id) values (20, 13, 15, 25);
insert into symptoms( appointment_id, symptom_id, duration, doctor_id) values (21, 1, 0, 26);
insert into symptoms( appointment_id, symptom_id, duration, doctor_id) values (22, 7, 27, 27);
insert into symptoms( appointment_id, symptom_id, duration, doctor_id) values (23, 11, 18, 28);
insert into symptoms( appointment_id, symptom_id, duration, doctor_id) values (23, 9, 29, 29);
insert into symptoms( appointment_id, symptom_id, duration, doctor_id) values (23, 8, 6, 30);
insert into symptoms( appointment_id, symptom_id, duration, doctor_id) values (23, 4, 5, 31);
insert into symptoms( appointment_id, symptom_id, duration, doctor_id) values (24, 5, 34, 32);
insert into symptoms( appointment_id, symptom_id, duration, doctor_id) values (24, 3, 23, 33);
insert into symptoms( appointment_id, symptom_id, duration, doctor_id) values (25, 1, 0, 34);
insert into symptoms( appointment_id, symptom_id, duration, doctor_id) values (26, 9, 30, 35);
insert into symptoms( appointment_id, symptom_id, duration, doctor_id) values (26, 2, 4, 36);
insert into symptoms( appointment_id, symptom_id, duration, doctor_id) values (27, 5, 20, 37);
insert into symptoms( appointment_id, symptom_id, duration, doctor_id) values (27, 14, 15, 38);
insert into symptoms( appointment_id, symptom_id, duration, doctor_id) values (28, 23, 40, 39);
insert into symptoms( appointment_id, symptom_id, duration, doctor_id) values (28, 12, 29, 40);
insert into symptoms( appointment_id, symptom_id, duration, doctor_id) values (29, 1, 0, 41);
insert into symptoms( appointment_id, symptom_id, duration, doctor_id) values (30, 11, 25, 42);
insert into symptoms( appointment_id, symptom_id, duration, doctor_id) values (30, 23, 36, 43);
insert into symptoms( appointment_id, symptom_id, duration, doctor_id) values (30, 11, 35, 44);
insert into symptoms( appointment_id, symptom_id, duration, doctor_id) values (31, 25, 21, 45);
insert into symptoms( appointment_id, symptom_id, duration, doctor_id) values (31, 13, 40, 46);
insert into symptoms( appointment_id, symptom_id, duration, doctor_id) values (32, 18, 10, 47);
insert into symptoms( appointment_id, symptom_id, duration, doctor_id) values (32, 13, 6, 48);
insert into symptoms( appointment_id, symptom_id, duration, doctor_id) values (33, 5, 24, 49);
insert into symptoms( appointment_id, symptom_id, duration, doctor_id) values (34, 1, 0, 50);
insert into symptoms( appointment_id, symptom_id, duration, doctor_id) values (35, 19, 12, 1);
insert into symptoms( appointment_id, symptom_id, duration, doctor_id) values (35, 18, 4, 2);
insert into symptoms( appointment_id, symptom_id, duration, doctor_id) values (35, 21, 37, 3);
insert into symptoms( appointment_id, symptom_id, duration, doctor_id) values (36, 23, 13, 4);
insert into symptoms( appointment_id, symptom_id, duration, doctor_id) values (37, 17, 24, 5);
insert into symptoms( appointment_id, symptom_id, duration, doctor_id) values (38, 17, 41, 6);
insert into symptoms( appointment_id, symptom_id, duration, doctor_id) values (39, 13, 18, 7);
insert into symptoms( appointment_id, symptom_id, duration, doctor_id) values (39, 11, 24, 8);
insert into symptoms( appointment_id, symptom_id, duration, doctor_id) values (40, 1, 0, 9);
insert into symptoms( appointment_id, symptom_id, duration, doctor_id) values (41, 1, 0, 10);
insert into symptoms( appointment_id, symptom_id, duration, doctor_id) values (42, 2, 19, 11);
insert into symptoms( appointment_id, symptom_id, duration, doctor_id) values (43, 2, 23, 12);
insert into symptoms( appointment_id, symptom_id, duration, doctor_id) values (43, 15, 18, 13);
insert into symptoms( appointment_id, symptom_id, duration, doctor_id) values (44, 13, 17, 14);
insert into symptoms( appointment_id, symptom_id, duration, doctor_id) values (45, 1, 0, 15);
insert into symptoms( appointment_id, symptom_id, duration, doctor_id) values (46, 2, 37, 16);
insert into symptoms( appointment_id, symptom_id, duration, doctor_id) values (46, 25, 4, 17);
insert into symptoms( appointment_id, symptom_id, duration, doctor_id) values (46, 12, 45, 18);
insert into symptoms( appointment_id, symptom_id, duration, doctor_id) values (47, 13, 36, 19);
insert into symptoms( appointment_id, symptom_id, duration, doctor_id) values (47, 23, 41, 20);
insert into symptoms( appointment_id, symptom_id, duration, doctor_id) values (47, 9, 47, 21);
insert into symptoms( appointment_id, symptom_id, duration, doctor_id) values (48, 1, 0, 22);
insert into symptoms( appointment_id, symptom_id, duration, doctor_id) values (49, 14, 43, 23);
insert into symptoms( appointment_id, symptom_id, duration, doctor_id) values (49, 25, 38, 24);
insert into symptoms( appointment_id, symptom_id, duration, doctor_id) values (49, 13, 43, 25);
insert into symptoms( appointment_id, symptom_id, duration, doctor_id) values (50, 13, 46, 26);
insert into symptoms( appointment_id, symptom_id, duration, doctor_id) values (50, 3, 6, 27);
insert into symptoms( appointment_id, symptom_id, duration, doctor_id) values (50, 17, 31, 28);
insert into symptoms( appointment_id, symptom_id, duration, doctor_id) values (51, 14, 41, 29);
insert into symptoms( appointment_id, symptom_id, duration, doctor_id) values (51, 12, 8, 30);
insert into symptoms( appointment_id, symptom_id, duration, doctor_id) values (52, 15, 42, 31);
insert into symptoms( appointment_id, symptom_id, duration, doctor_id) values (52, 21, 33, 32);
insert into symptoms( appointment_id, symptom_id, duration, doctor_id) values (53, 25, 33, 33);
insert into symptoms( appointment_id, symptom_id, duration, doctor_id) values (53, 3, 38, 34);
insert into symptoms( appointment_id, symptom_id, duration, doctor_id) values (53, 24, 47, 35);
insert into symptoms( appointment_id, symptom_id, duration, doctor_id) values (54, 13, 34, 36);
insert into symptoms( appointment_id, symptom_id, duration, doctor_id) values (55, 13, 32, 37);
insert into symptoms( appointment_id, symptom_id, duration, doctor_id) values (56, 1, 0, 38);
insert into symptoms( appointment_id, symptom_id, duration, doctor_id) values (57, 9, 39, 39);
insert into symptoms( appointment_id, symptom_id, duration, doctor_id) values (58, 12, 23, 40);
insert into symptoms( appointment_id, symptom_id, duration, doctor_id) values (58, 21, 16, 41);
insert into symptoms( appointment_id, symptom_id, duration, doctor_id) values (58, 13, 16, 42);
insert into symptoms( appointment_id, symptom_id, duration, doctor_id) values (58, 24, 20, 43);
insert into symptoms( appointment_id, symptom_id, duration, doctor_id) values (59, 1, 0, 44);
insert into symptoms( appointment_id, symptom_id, duration, doctor_id) values (60, 1, 0, 45);
insert into symptoms( appointment_id, symptom_id, duration, doctor_id) values (61, 14, 41, 46);
insert into symptoms( appointment_id, symptom_id, duration, doctor_id) values (61, 12, 21, 47);
insert into symptoms( appointment_id, symptom_id, duration, doctor_id) values (61, 9, 12, 48);
insert into symptoms( appointment_id, symptom_id, duration, doctor_id) values (62, 13, 4, 49);
insert into symptoms( appointment_id, symptom_id, duration, doctor_id) values (63, 19, 31, 50);
insert into symptoms( appointment_id, symptom_id, duration, doctor_id) values (64, 25, 19, 1);
insert into symptoms( appointment_id, symptom_id, duration, doctor_id) values (64, 25, 22, 2);
insert into symptoms( appointment_id, symptom_id, duration, doctor_id) values (64, 13, 28, 3);
insert into symptoms( appointment_id, symptom_id, duration, doctor_id) values (65, 17, 46, 4);
insert into symptoms( appointment_id, symptom_id, duration, doctor_id) values (66, 22, 31, 5);
insert into symptoms( appointment_id, symptom_id, duration, doctor_id) values (66, 14, 25, 6);
insert into symptoms( appointment_id, symptom_id, duration, doctor_id) values (67, 16, 25, 7);
insert into symptoms( appointment_id, symptom_id, duration, doctor_id) values (67, 15, 21, 8);
insert into symptoms( appointment_id, symptom_id, duration, doctor_id) values (68, 13, 47, 9);
insert into symptoms( appointment_id, symptom_id, duration, doctor_id) values (68, 2, 21, 10);
insert into symptoms( appointment_id, symptom_id, duration, doctor_id) values (69, 9, 6, 11);
insert into symptoms( appointment_id, symptom_id, duration, doctor_id) values (69, 22, 47, 12);
insert into symptoms( appointment_id, symptom_id, duration, doctor_id) values (69, 25, 6, 13);
insert into symptoms( appointment_id, symptom_id, duration, doctor_id) values (70, 22, 44, 14);
insert into symptoms( appointment_id, symptom_id, duration, doctor_id) values (70, 10, 11, 15);
insert into symptoms( appointment_id, symptom_id, duration, doctor_id) values (70, 19, 14, 16);
insert into symptoms( appointment_id, symptom_id, duration, doctor_id) values (71, 1, 0, 17);
insert into symptoms( appointment_id, symptom_id, duration, doctor_id) values (72, 5, 30, 18);
insert into symptoms( appointment_id, symptom_id, duration, doctor_id) values (73, 1, 0, 19);
insert into symptoms( appointment_id, symptom_id, duration, doctor_id) values (74, 22, 8, 20);
insert into symptoms( appointment_id, symptom_id, duration, doctor_id) values (74, 18, 21, 21);
insert into symptoms( appointment_id, symptom_id, duration, doctor_id) values (74, 25, 6, 22);
insert into symptoms( appointment_id, symptom_id, duration, doctor_id) values (75, 1, 0, 23);
insert into symptoms( appointment_id, symptom_id, duration, doctor_id) values (76, 13, 6, 24);
insert into symptoms( appointment_id, symptom_id, duration, doctor_id) values (77, 23, 8, 25);
insert into symptoms( appointment_id, symptom_id, duration, doctor_id) values (77, 16, 46, 26);
insert into symptoms( appointment_id, symptom_id, duration, doctor_id) values (78, 7, 5, 27);
insert into symptoms( appointment_id, symptom_id, duration, doctor_id) values (78, 7, 17, 28);
insert into symptoms( appointment_id, symptom_id, duration, doctor_id) values (78, 10, 9, 29);
insert into symptoms( appointment_id, symptom_id, duration, doctor_id) values (79, 7, 31, 30);
insert into symptoms( appointment_id, symptom_id, duration, doctor_id) values (79, 12, 28, 31);
insert into symptoms( appointment_id, symptom_id, duration, doctor_id) values (80, 14, 8, 32);
insert into symptoms( appointment_id, symptom_id, duration, doctor_id) values (80, 9, 16, 33);
insert into symptoms( appointment_id, symptom_id, duration, doctor_id) values (81, 3, 23, 34);
insert into symptoms( appointment_id, symptom_id, duration, doctor_id) values (81, 7, 17, 35);
insert into symptoms( appointment_id, symptom_id, duration, doctor_id) values (82, 1, 0, 36);
insert into symptoms( appointment_id, symptom_id, duration, doctor_id) values (83, 19, 4, 37);
insert into symptoms( appointment_id, symptom_id, duration, doctor_id) values (83, 20, 6, 38);
insert into symptoms( appointment_id, symptom_id, duration, doctor_id) values (83, 21, 26, 39);
insert into symptoms( appointment_id, symptom_id, duration, doctor_id) values (84, 23, 29, 40);
insert into symptoms( appointment_id, symptom_id, duration, doctor_id) values (85, 1, 0, 41);
insert into symptoms( appointment_id, symptom_id, duration, doctor_id) values (86, 1, 0, 42);
insert into symptoms( appointment_id, symptom_id, duration, doctor_id) values (87, 1, 0, 43);
insert into symptoms( appointment_id, symptom_id, duration, doctor_id) values (88, 23, 28, 44);
insert into symptoms( appointment_id, symptom_id, duration, doctor_id) values (89, 1, 0, 45);
insert into symptoms( appointment_id, symptom_id, duration, doctor_id) values (90, 1, 0, 46);
insert into symptoms( appointment_id, symptom_id, duration, doctor_id) values (91, 7, 34, 47);
insert into symptoms( appointment_id, symptom_id, duration, doctor_id) values (91, 2, 31, 48);
insert into symptoms( appointment_id, symptom_id, duration, doctor_id) values (91, 19, 14, 49);
insert into symptoms( appointment_id, symptom_id, duration, doctor_id) values (91, 14, 22, 50);
insert into symptoms( appointment_id, symptom_id, duration, doctor_id) values (92, 1, 0, 3);
insert into symptoms( appointment_id, symptom_id, duration, doctor_id) values (93, 25, 5, 3);
insert into symptoms( appointment_id, symptom_id, duration, doctor_id) values (94, 21, 41, 3);
insert into symptoms( appointment_id, symptom_id, duration, doctor_id) values (95, 1, 0, 7);
insert into symptoms( appointment_id, symptom_id, duration, doctor_id) values (96, 1, 0, 7);
insert into symptoms( appointment_id, symptom_id, duration, doctor_id) values (97, 13, 6, 7);
insert into symptoms( appointment_id, symptom_id, duration, doctor_id) values (98, 7, 12, 7);
insert into symptoms( appointment_id, symptom_id, duration, doctor_id) values (98, 10, 38, 28);
insert into symptoms( appointment_id, symptom_id, duration, doctor_id) values (99, 22, 16, 28);
insert into symptoms( appointment_id, symptom_id, duration, doctor_id) values (100, 23, 44, 28);
insert into symptoms( appointment_id, symptom_id, duration, doctor_id) values (100, 13, 42, 39);
insert into symptoms( appointment_id, symptom_id, duration, doctor_id) values (101, 1, 0, 39);
insert into symptoms( appointment_id, symptom_id, duration, doctor_id) values (102, 1, 0, 39);
insert into symptoms( appointment_id, symptom_id, duration, doctor_id) values (103, 1, 0, 39);
insert into symptoms( appointment_id, symptom_id, duration, doctor_id) values (104, 1, 0, 39);
insert into symptoms( appointment_id, symptom_id, duration, doctor_id) values (105, 1, 0, 41);
insert into symptoms( appointment_id, symptom_id, duration, doctor_id) values (106, 23, 15, 41);
insert into symptoms( appointment_id, symptom_id, duration, doctor_id) values (107, 23, 33, 5);
insert into symptoms( appointment_id, symptom_id, duration, doctor_id) values (107, 15, 40, 5);
insert into symptoms( appointment_id, symptom_id, duration, doctor_id) values (108, 1, 0, 8);
insert into symptoms( appointment_id, symptom_id, duration, doctor_id) values (109, 1, 0, 9);
insert into symptoms( appointment_id, symptom_id, duration, doctor_id) values (110, 1, 0, 9);

-------- INSERT INTO Vital Sign Details --------
insert into vital_sign_details (vital_name, normal_amount) values ('BP Systolic','120139 mm Hg');
insert into vital_sign_details (vital_name, normal_amount) values ('BP Diastolic','8089 mm Hg');
insert into vital_sign_details (vital_name, normal_amount) values ('Pulse','60-100 bpm');
insert into vital_sign_details (vital_name, normal_amount) values ('RespiratoryRate','12-16 bpm');
insert into vital_sign_details (vital_name, normal_amount) values ('Temperature','97-99 F');
insert into vital_sign_details (vital_name, normal_amount) values ('Weight', '130-180 lbs');
insert into vital_sign_details (vital_name, normal_amount) values ('Height', '5-6 ft');
insert into vital_sign_details (vital_name, normal_amount) values ('BMI', '18-24 lbs/m2');
insert into vital_sign_details (vital_name, normal_amount) values ('SPO2', '95-100%');
insert into vital_sign_details (vital_name, normal_amount) values ('Pain Scale','0-10');
 
-------- INSERT INTO VITAL SIGNS --------

insert into vital_signs (appointment_id, vital_id , recorded_date, recorded_amount) values (1, 10, '2020-01-06', 5);
insert into vital_signs(appointment_id, vital_id , recorded_date, recorded_amount) values (2, 3, '2020-01-21', 108);
insert into vital_signs(appointment_id, vital_id , recorded_date, recorded_amount) values (3, 1, '2020-01-30', 115);
insert into vital_signs(appointment_id, vital_id , recorded_date, recorded_amount) values (4, 3, '2020-02-15', 101);
insert into vital_signs(appointment_id, vital_id , recorded_date, recorded_amount) values (5, 7, '2020-02-22', 2);
insert into vital_signs(appointment_id, vital_id , recorded_date, recorded_amount) values (6, 8, '2020-02-17', 26);
insert into vital_signs(appointment_id, vital_id , recorded_date, recorded_amount) values (7, 10, '2020-03-03', 5);
insert into vital_signs(appointment_id, vital_id , recorded_date, recorded_amount) values (8, 8, '2020-02-24', 29);
insert into vital_signs(appointment_id, vital_id , recorded_date, recorded_amount) values (9, 10, '2020-03-02', 2);
insert into vital_signs(appointment_id, vital_id , recorded_date, recorded_amount) values (10, 2, '2020-03-17', 100);
insert into vital_signs(appointment_id, vital_id , recorded_date, recorded_amount) values (11, 2, '2020-03-12', 77);
insert into vital_signs(appointment_id, vital_id , recorded_date, recorded_amount) values (12, 10, '2020-03-11', 7);
insert into vital_signs(appointment_id, vital_id , recorded_date, recorded_amount) values (13, 5, '2020-03-25', 98);
insert into vital_signs(appointment_id, vital_id , recorded_date, recorded_amount) values (14, 5, '2020-03-18', 104);
insert into vital_signs(appointment_id, vital_id , recorded_date, recorded_amount) values (15, 1, '2020-04-10', 112);
insert into vital_signs(appointment_id, vital_id , recorded_date, recorded_amount) values (16, 4, '2020-04-12', 27);
insert into vital_signs(appointment_id, vital_id , recorded_date, recorded_amount) values (17, 7, '2020-04-20', 2);
insert into vital_signs(appointment_id, vital_id , recorded_date, recorded_amount) values (18, 5, '2020-04-23', 103);
insert into vital_signs(appointment_id, vital_id , recorded_date, recorded_amount) values (19, 5, '2020-04-22', 108);
insert into vital_signs(appointment_id, vital_id , recorded_date, recorded_amount) values (20, 8, '2020-05-19', 32);
insert into vital_signs(appointment_id, vital_id , recorded_date, recorded_amount) values (21, 8, '2020-06-09', 31);
insert into vital_signs(appointment_id, vital_id , recorded_date, recorded_amount) values (22, 7, '2020-07-04', 1);
insert into vital_signs(appointment_id, vital_id , recorded_date, recorded_amount) values (23, 4, '2020-07-12', 13);
insert into vital_signs(appointment_id, vital_id , recorded_date, recorded_amount) values (24, 4, '2020-07-26', 24);
insert into vital_signs(appointment_id, vital_id , recorded_date, recorded_amount) values (25, 1, '2020-07-28', 111);
insert into vital_signs(appointment_id, vital_id , recorded_date, recorded_amount) values (26, 7, '2020-07-31', 2);
insert into vital_signs(appointment_id, vital_id , recorded_date, recorded_amount) values (27, 5, '2020-08-08', 106);
insert into vital_signs(appointment_id, vital_id , recorded_date, recorded_amount) values (28, 4, '2020-08-21', 10);
insert into vital_signs(appointment_id, vital_id , recorded_date, recorded_amount) values (29, 4, '2020-09-04', 11);
insert into vital_signs(appointment_id, vital_id , recorded_date, recorded_amount) values (30, 6, '2020-09-04', 167);
insert into vital_signs(appointment_id, vital_id , recorded_date, recorded_amount) values (31, 6, '2020-10-05', 120);
insert into vital_signs(appointment_id, vital_id , recorded_date, recorded_amount) values (32, 6, '2020-10-06', 182);
insert into vital_signs(appointment_id, vital_id , recorded_date, recorded_amount) values (33, 9, '2020-10-25', 91);
insert into vital_signs(appointment_id, vital_id , recorded_date, recorded_amount) values (34, 5, '2020-11-05', 101);
insert into vital_signs(appointment_id, vital_id , recorded_date, recorded_amount) values (35, 2, '2020-11-04', 77);
insert into vital_signs(appointment_id, vital_id , recorded_date, recorded_amount) values (36, 3, '2020-11-18', 82);
insert into vital_signs(appointment_id, vital_id , recorded_date, recorded_amount) values (37, 1, '2020-11-15', 125);
insert into vital_signs(appointment_id, vital_id , recorded_date, recorded_amount) values (38, 3, '2020-11-17', 136);
insert into vital_signs(appointment_id, vital_id , recorded_date, recorded_amount) values (39, 10, '2020-11-21', 7);
insert into vital_signs(appointment_id, vital_id , recorded_date, recorded_amount) values (40, 10, '2020-12-08', 3);
insert into vital_signs(appointment_id, vital_id , recorded_date, recorded_amount) values (41, 2, '2020-12-09', 99);
insert into vital_signs(appointment_id, vital_id , recorded_date, recorded_amount) values (42, 9, '2020-12-19', 95);
insert into vital_signs(appointment_id, vital_id , recorded_date, recorded_amount) values (43, 5, '2020-12-24', 102);
insert into vital_signs(appointment_id, vital_id , recorded_date, recorded_amount) values (44, 2, '2020-12-28', 86);
insert into vital_signs(appointment_id, vital_id , recorded_date, recorded_amount) values (45, 3, '2020-12-29', 97);
insert into vital_signs(appointment_id, vital_id , recorded_date, recorded_amount) values (46, 9, '2021-01-02', 91);
insert into vital_signs(appointment_id, vital_id , recorded_date, recorded_amount) values (47, 6, '2021-01-18', 276);
insert into vital_signs(appointment_id, vital_id , recorded_date, recorded_amount) values (48, 3, '2021-01-05', 115);
insert into vital_signs(appointment_id, vital_id , recorded_date, recorded_amount) values (49, 7, '2021-01-14', 1);
insert into vital_signs(appointment_id, vital_id , recorded_date, recorded_amount) values (50, 9, '2021-01-22', 93);
insert into vital_signs(appointment_id, vital_id , recorded_date, recorded_amount) values (51, 4, '2021-01-26', 29);
insert into vital_signs(appointment_id, vital_id , recorded_date, recorded_amount) values (52, 5, '2021-01-31', 98);
insert into vital_signs(appointment_id, vital_id , recorded_date, recorded_amount) values (53, 9, '2021-02-25', 96);
insert into vital_signs(appointment_id, vital_id , recorded_date, recorded_amount) values (54, 3, '2021-03-01', 150);
insert into vital_signs(appointment_id, vital_id , recorded_date, recorded_amount) values (55, 10, '2021-04-06', 6);
insert into vital_signs(appointment_id, vital_id , recorded_date, recorded_amount) values (56, 2, '2021-04-05', 66);
insert into vital_signs(appointment_id, vital_id , recorded_date, recorded_amount) values (57, 9, '2021-04-09', 99);
insert into vital_signs(appointment_id, vital_id , recorded_date, recorded_amount) values (58, 9, '2021-05-01', 92);
insert into vital_signs(appointment_id, vital_id , recorded_date, recorded_amount) values (59, 7, '2021-05-14', 2);
insert into vital_signs(appointment_id, vital_id , recorded_date, recorded_amount) values (60, 10, '2021-05-19', 7);
insert into vital_signs(appointment_id, vital_id , recorded_date, recorded_amount) values (61, 1, '2021-05-31', 108);
insert into vital_signs(appointment_id, vital_id , recorded_date, recorded_amount) values (62, 2, '2021-05-25', 79);
insert into vital_signs(appointment_id, vital_id , recorded_date, recorded_amount) values (63, 3, '2021-05-28', 121);
insert into vital_signs(appointment_id, vital_id , recorded_date, recorded_amount) values (64, 10, '2021-06-03', 7);
insert into vital_signs(appointment_id, vital_id , recorded_date, recorded_amount) values (65, 3, '2021-06-19', 130);
insert into vital_signs(appointment_id, vital_id , recorded_date, recorded_amount) values (66, 2, '2021-06-26', 73);
insert into vital_signs(appointment_id, vital_id , recorded_date, recorded_amount) values (67, 8, '2021-06-21', 28);
insert into vital_signs(appointment_id, vital_id , recorded_date, recorded_amount) values (68, 3, '2021-06-24', 129);
insert into vital_signs(appointment_id, vital_id , recorded_date, recorded_amount) values (69, 8, '2021-07-23', 23);
insert into vital_signs(appointment_id, vital_id , recorded_date, recorded_amount) values (70, 3, '2021-07-30', 130);
insert into vital_signs(appointment_id, vital_id , recorded_date, recorded_amount) values (71, 3, '2021-08-04', 144);
insert into vital_signs(appointment_id, vital_id , recorded_date, recorded_amount) values (72, 2, '2021-08-11', 75);
insert into vital_signs(appointment_id, vital_id , recorded_date, recorded_amount) values (73, 2, '2021-08-14', 87);
insert into vital_signs(appointment_id, vital_id , recorded_date, recorded_amount) values (74, 2, '2021-08-24', 69);
insert into vital_signs(appointment_id, vital_id , recorded_date, recorded_amount) values (75, 6, '2021-09-15', 224);
insert into vital_signs(appointment_id, vital_id , recorded_date, recorded_amount) values (76, 4, '2021-09-21', 26);
insert into vital_signs(appointment_id, vital_id , recorded_date, recorded_amount) values (77, 10, '2021-09-22', 6);
insert into vital_signs(appointment_id, vital_id , recorded_date, recorded_amount) values (78, 4, '2021-10-15', 28);
insert into vital_signs(appointment_id, vital_id , recorded_date, recorded_amount) values (79, 7, '2021-10-26', 2);
insert into vital_signs(appointment_id, vital_id , recorded_date, recorded_amount) values (80, 10, '2021-10-20', 3);
insert into vital_signs(appointment_id, vital_id , recorded_date, recorded_amount) values (81, 4, '2021-11-02', 16);
insert into vital_signs(appointment_id, vital_id , recorded_date, recorded_amount) values (82, 7, '2021-11-10', 2);
insert into vital_signs(appointment_id, vital_id , recorded_date, recorded_amount) values (83, 1, '2021-11-06', 101);
insert into vital_signs(appointment_id, vital_id , recorded_date, recorded_amount) values (84, 2, '2021-11-10', 67);
insert into vital_signs(appointment_id, vital_id , recorded_date, recorded_amount) values (85, 6, '2021-11-24', 237);
insert into vital_signs(appointment_id, vital_id , recorded_date, recorded_amount) values (86, 9, '2021-11-29', 93);
insert into vital_signs(appointment_id, vital_id , recorded_date, recorded_amount) values (87, 1, '2021-12-30', 115);
insert into vital_signs(appointment_id, vital_id , recorded_date, recorded_amount) values (88, 6, '2021-12-28', 126);
insert into vital_signs(appointment_id, vital_id , recorded_date, recorded_amount) values (89, 7, '2022-01-19', 1);
insert into vital_signs(appointment_id, vital_id , recorded_date, recorded_amount) values (90, 6, '2022-01-17', 121);
insert into vital_signs(appointment_id, vital_id , recorded_date, recorded_amount) values (91, 3, '2022-01-22', 110);
insert into vital_signs(appointment_id, vital_id , recorded_date, recorded_amount) values (92, 8, '2022-01-21', 20);
insert into vital_signs(appointment_id, vital_id , recorded_date, recorded_amount) values (93, 5, '2022-01-26', 97);
insert into vital_signs(appointment_id, vital_id , recorded_date, recorded_amount) values (94, 8, '2022-01-27', 18);
insert into vital_signs(appointment_id, vital_id , recorded_date, recorded_amount) values (95, 8, '2022-02-16', 26);
insert into vital_signs(appointment_id, vital_id , recorded_date, recorded_amount) values (96, 4, '2022-02-23', 23);
insert into vital_signs(appointment_id, vital_id , recorded_date, recorded_amount) values (97, 6, '2022-02-24', 189);
insert into vital_signs(appointment_id, vital_id , recorded_date, recorded_amount) values (98, 1, '2022-03-09', 119);
insert into vital_signs(appointment_id, vital_id , recorded_date, recorded_amount) values (99, 7, '2022-03-18', 1);
insert into vital_signs(appointment_id, vital_id , recorded_date, recorded_amount) values (100, 1, '2022-03-21', 134);
insert into vital_signs(appointment_id, vital_id , recorded_date, recorded_amount) values (101, 8, '2022-03-21', 34);
insert into vital_signs(appointment_id, vital_id , recorded_date, recorded_amount) values (102, 1, '2022-03-21', 135);
insert into vital_signs(appointment_id, vital_id , recorded_date, recorded_amount) values (103, 7, '2022-03-20', 2);
insert into vital_signs(appointment_id, vital_id , recorded_date, recorded_amount) values (104, 6, '2022-03-24', 264);
insert into vital_signs(appointment_id, vital_id , recorded_date, recorded_amount) values (105, 10, '2022-03-25', 8);
insert into vital_signs(appointment_id, vital_id , recorded_date, recorded_amount) values (106, 2, '2022-04-07', 61);
insert into vital_signs(appointment_id, vital_id , recorded_date, recorded_amount) values (107, 5, '2022-04-05', 108);
insert into vital_signs(appointment_id, vital_id , recorded_date, recorded_amount) values (108, 1, '2022-04-06', 125);
insert into vital_signs(appointment_id, vital_id , recorded_date, recorded_amount) values (109, 9, '2022-04-10', 90)
insert into vital_signs(appointment_id, vital_id , recorded_date, recorded_amount) values (110, 5, '2022-04-09', 103)

----- INSERT INTO INSURANCE ------
insert into insurance_provider (patient_id, patient_policy_number, insurance_provider_name, policy_plan_type) values (1,101, 'CIGNA', 'F');
insert into insurance_provider (patient_id, patient_policy_number, insurance_provider_name, policy_plan_type) values (2,102, 'CIGNA', 'I');
insert into insurance_provider (patient_id, patient_policy_number, insurance_provider_name, policy_plan_type) values (3,103, 'CVS', 'C');
insert into insurance_provider (patient_id, patient_policy_number, insurance_provider_name, policy_plan_type) values (4,104, 'Blue Cross Blue Shield', 'I');
insert into insurance_provider (patient_id, patient_policy_number, insurance_provider_name, policy_plan_type) values (5,105, 'United Health', 'I');
insert into insurance_provider (patient_id, patient_policy_number, insurance_provider_name, policy_plan_type) values (6,106, 'CVS', 'F');
insert into insurance_provider (patient_id, patient_policy_number, insurance_provider_name, policy_plan_type) values (7,107, 'United Health', 'I');
insert into insurance_provider (patient_id, patient_policy_number, insurance_provider_name, policy_plan_type) values (8,108, 'Blue Cross Blue Shield', 'I');
insert into insurance_provider (patient_id, patient_policy_number, insurance_provider_name, policy_plan_type) values (9,109, 'CVS', 'F');
insert into insurance_provider (patient_id, patient_policy_number, insurance_provider_name, policy_plan_type) values (10,110, 'CVS', 'I');
insert into insurance_provider (patient_id, patient_policy_number, insurance_provider_name, policy_plan_type) values (11,111, 'CIGNA', 'I');
insert into insurance_provider (patient_id, patient_policy_number, insurance_provider_name, policy_plan_type) values (12,112, 'CVS', 'C');
insert into insurance_provider (patient_id, patient_policy_number, insurance_provider_name, policy_plan_type) values (13,113, 'Blue Cross Blue Shield', 'I');
insert into insurance_provider (patient_id, patient_policy_number, insurance_provider_name, policy_plan_type) values (14,114, 'Blue Cross Blue Shield', 'I');
insert into insurance_provider (patient_id, patient_policy_number, insurance_provider_name, policy_plan_type) values (15,115, 'Blue Cross Blue Shield', 'F');
insert into insurance_provider (patient_id, patient_policy_number, insurance_provider_name, policy_plan_type) values (16,116, 'Blue Cross Blue Shield', 'I');
insert into insurance_provider (patient_id, patient_policy_number, insurance_provider_name, policy_plan_type) values (17,117, 'CIGNA', 'C');
insert into insurance_provider (patient_id, patient_policy_number, insurance_provider_name, policy_plan_type) values (18,118, 'United Health', 'I');
insert into insurance_provider (patient_id, patient_policy_number, insurance_provider_name, policy_plan_type) values (19,119, 'CIGNA', 'C');
insert into insurance_provider (patient_id, patient_policy_number, insurance_provider_name, policy_plan_type) values (20,120, 'CIGNA', 'I');
insert into insurance_provider (patient_id, patient_policy_number, insurance_provider_name, policy_plan_type) values (21,121, 'CVS', 'F');
insert into insurance_provider (patient_id, patient_policy_number, insurance_provider_name, policy_plan_type) values (22,122, 'CVS', 'I');
insert into insurance_provider (patient_id, patient_policy_number, insurance_provider_name, policy_plan_type) values (23,123, 'United Health', 'I');
insert into insurance_provider (patient_id, patient_policy_number, insurance_provider_name, policy_plan_type) values (24,124, 'United Health', 'C');
insert into insurance_provider (patient_id, patient_policy_number, insurance_provider_name, policy_plan_type) values (25,125, 'CIGNA', 'I');
insert into insurance_provider (patient_id, patient_policy_number, insurance_provider_name, policy_plan_type) values (26,126, 'United Health', 'I');
insert into insurance_provider (patient_id, patient_policy_number, insurance_provider_name, policy_plan_type) values (27,127, 'Blue Cross Blue Shield', 'F');
insert into insurance_provider (patient_id, patient_policy_number, insurance_provider_name, policy_plan_type) values (28,128, 'CVS', 'C');
insert into insurance_provider (patient_id, patient_policy_number, insurance_provider_name, policy_plan_type) values (29,129, 'CVS', 'I');
insert into insurance_provider (patient_id, patient_policy_number, insurance_provider_name, policy_plan_type) values (30,130, 'CVS', 'F');

----- INSERT INTO bILL --------
insert into bill(appointment_id, [status], total_amount, payment_mode,claim_amount) values (1, 'Partial Payment Received', 70, 'CARD',50);
insert into bill(appointment_id, [status], total_amount, payment_mode,claim_amount) values (2, 'Follow up required', 40, 'CASH',20);
insert into bill(appointment_id, [status], total_amount, payment_mode,claim_amount) values (3, 'Partial Payment Received', 30, 'CARD',25);
insert into bill(appointment_id, [status], total_amount, payment_mode,claim_amount) values (4, 'Follow up required', 40, 'CASH',24);
insert into bill(appointment_id, [status], total_amount, payment_mode,claim_amount) values (5, 'Follow up required', 116, 'CASH',81.2);
insert into bill(appointment_id, [status], total_amount, payment_mode,claim_amount) values (6, 'Follow up required', 128, 'CASH',80);
insert into bill(appointment_id, [status], total_amount, payment_mode,claim_amount) values (7, 'Follow up required', 21, 'CARD',10);
insert into bill(appointment_id, [status], total_amount, payment_mode,claim_amount) values (8, 'Partial Payment Received', 60, 'CASH',48.5);
insert into bill(appointment_id, [status], total_amount, payment_mode,claim_amount) values (9, 'Partial Payment Received', 21, 'CARD',15);
insert into bill(appointment_id, [status], total_amount, payment_mode,claim_amount) values (10, 'Follow up required', 156, 'CASH',105);
insert into bill(appointment_id, [status], total_amount, payment_mode,claim_amount) values (11, 'Follow up required', 80, 'CASH',54);
insert into bill(appointment_id, [status], total_amount, payment_mode,claim_amount) values (12, 'Follow up required', 80, 'CASH',56);
insert into bill(appointment_id, [status], total_amount, payment_mode,claim_amount) values (13, 'Follow up required', 90, 'CARD',60);
insert into bill(appointment_id, [status], total_amount, payment_mode,claim_amount) values (14, 'Follow up required', 50, 'CARD',35);
insert into bill(appointment_id, [status], total_amount, payment_mode,claim_amount) values (15, 'Partial Payment Received', 21, 'CARD',16);
insert into bill(appointment_id, [status], total_amount, payment_mode,claim_amount) values (16, 'Follow up required', 60, 'CASH',40);
insert into bill(appointment_id, [status], total_amount, payment_mode,claim_amount) values (17, 'Follow up required', 80, 'CASH',50);
insert into bill(appointment_id, [status], total_amount, payment_mode,claim_amount) values (18, 'Follow up required', 90, 'CARD',63);
insert into bill(appointment_id, [status], total_amount, payment_mode,claim_amount) values (19, 'Follow up required', 50, 'CARD',30);
insert into bill(appointment_id, [status], total_amount, payment_mode,claim_amount) values (20, 'Follow up required', 40, 'CASH',20);
insert into bill(appointment_id, [status], total_amount, payment_mode,claim_amount) values (21, 'Partial Payment Received', 50, 'CARD',50);
insert into bill(appointment_id, [status], total_amount, payment_mode,claim_amount) values (22, 'Partial Payment Received', 70, 'CARD',55);
insert into bill(appointment_id, [status], total_amount, payment_mode,claim_amount) values (23, 'Follow up required', 50, 'CARD',30);
insert into bill(appointment_id, [status], total_amount, payment_mode,claim_amount) values (24, 'Partial Payment Received', 30, 'CARD',25);
insert into bill(appointment_id, [status], total_amount, payment_mode,claim_amount) values (25, 'Follow up required', 80, 'CASH',50);
insert into bill(appointment_id, [status], total_amount, payment_mode,claim_amount) values (26, 'Follow up required', 80, 'CASH',50);
insert into bill(appointment_id, [status], total_amount, payment_mode,claim_amount) values (27, 'Follow up required', 60, 'CASH',40);
insert into bill(appointment_id, [status], total_amount, payment_mode,claim_amount) values (28, 'Follow up required', 30, 'CARD',15);
insert into bill(appointment_id, [status], total_amount, payment_mode,claim_amount) values (29, 'Follow up required', 99, 'CARD',69.3);
insert into bill(appointment_id, [status], total_amount, payment_mode,claim_amount) values (30, 'Follow up required', 30, 'CARD',18);
insert into bill(appointment_id, [status], total_amount, payment_mode,claim_amount) values (31, 'Follow up required', 50, 'CARD',30);
insert into bill(appointment_id, [status], total_amount, payment_mode,claim_amount) values (32, 'Follow up required', 40, 'CASH',25);
insert into bill(appointment_id, [status], total_amount, payment_mode,claim_amount) values (33, 'Follow up required', 30, 'CARD',21);
insert into bill(appointment_id, [status], total_amount, payment_mode,claim_amount) values (34, 'Follow up required', 60, 'CASH',40);
insert into bill(appointment_id, [status], total_amount, payment_mode,claim_amount) values (35, 'Follow up required', 50, 'CARD',35);
insert into bill(appointment_id, [status], total_amount, payment_mode,claim_amount) values (36, 'Follow up required', 60, 'CASH',42);
insert into bill(appointment_id, [status], total_amount, payment_mode,claim_amount) values (37, 'Follow up required', 50, 'CARD',35);
insert into bill(appointment_id, [status], total_amount, payment_mode,claim_amount) values (38, 'Follow up required', 70, 'CARD',49);
insert into bill(appointment_id, [status], total_amount, payment_mode,claim_amount) values (39, 'Complete Payment Received', 20, 'CARD',28);
insert into bill(appointment_id, [status], total_amount, payment_mode,claim_amount) values (40, 'Follow up required', 30, 'CARD',20);
insert into bill(appointment_id, [status], total_amount, payment_mode,claim_amount) values (41, 'Follow up required', 140, 'CARD',98);
insert into bill(appointment_id, [status], total_amount, payment_mode,claim_amount) values (42, 'Partial Payment Received', 98, 'CASH',69);
insert into bill(appointment_id, [status], total_amount, payment_mode,claim_amount) values (43, 'Partial Payment Received', 42, 'CARD',29.5);
insert into bill(appointment_id, [status], total_amount, payment_mode,claim_amount) values (44, 'Follow up required', 20, 'CARD',10);
insert into bill(appointment_id, [status], total_amount, payment_mode,claim_amount) values (45, 'Partial Payment Received', 30, 'CARD',25);
insert into bill(appointment_id, [status], total_amount, payment_mode,claim_amount) values (46, 'Follow up required', 131, 'CARD',91);
insert into bill(appointment_id, [status], total_amount, payment_mode,claim_amount) values (47, 'Follow up required', 126, 'CASH',88.2);
insert into bill(appointment_id, [status], total_amount, payment_mode,claim_amount) values (48, 'Follow up required', 132, 'CARD',92.4);
insert into bill(appointment_id, [status], total_amount, payment_mode,claim_amount) values (49, 'Follow up required', 53, 'CARD',37);
insert into bill(appointment_id, [status], total_amount, payment_mode,claim_amount) values (50, 'Follow up required', 104, 'CASH',72);
insert into bill(appointment_id, [status], total_amount, payment_mode,claim_amount) values (51, 'Follow up required', 50, 'CARD',35);
insert into bill(appointment_id, [status], total_amount, payment_mode,claim_amount) values (52, 'Partial Payment Received', 50, 'CARD',40);
insert into bill(appointment_id, [status], total_amount, payment_mode,claim_amount) values (53, 'Follow up required', 50, 'CARD',32);
insert into bill(appointment_id, [status], total_amount, payment_mode,claim_amount) values (54, 'Follow up required', 40, 'CASH',28);
insert into bill(appointment_id, [status], total_amount, payment_mode,claim_amount) values (55, 'Follow up required', 40, 'CASH',25);
insert into bill(appointment_id, [status], total_amount, payment_mode,claim_amount) values (56, 'Follow up required', 20, 'CARD',10);
insert into bill(appointment_id, [status], total_amount, payment_mode,claim_amount) values (57, 'Follow up required', 60, 'CASH',42);
insert into bill(appointment_id, [status], total_amount, payment_mode,claim_amount) values (58, 'Partial Payment Received', 50, 'CARD',50);
insert into bill(appointment_id, [status], total_amount, payment_mode,claim_amount) values (59, 'Follow up required', 32, 'CARD',22);
insert into bill(appointment_id, [status], total_amount, payment_mode,claim_amount) values (60, 'Follow up required', 42, 'CARD',29.4);
insert into bill(appointment_id, [status], total_amount, payment_mode,claim_amount) values (61, 'Partial Payment Received', 162, 'CARD',115);
insert into bill(appointment_id, [status], total_amount, payment_mode,claim_amount) values (62, 'Follow up required', 82, 'CARD',57.4);
insert into bill(appointment_id, [status], total_amount, payment_mode,claim_amount) values (63, 'Partial Payment Received', 153, 'CARD',110);
insert into bill(appointment_id, [status], total_amount, payment_mode,claim_amount) values (64, 'Partial Payment Received', 61, 'CARD',45);
insert into bill(appointment_id, [status], total_amount, payment_mode,claim_amount) values (65, 'Follow up required', 30, 'CARD',21);
insert into bill(appointment_id, [status], total_amount, payment_mode,claim_amount) values (66, 'Partial Payment Received', 30, 'CARD',30);
insert into bill(appointment_id, [status], total_amount, payment_mode,claim_amount) values (67, 'Follow up required', 60, 'CASH',42);
insert into bill(appointment_id, [status], total_amount, payment_mode,claim_amount) values (68, 'Partial Payment Received', 120, 'CARD',88);
insert into bill(appointment_id, [status], total_amount, payment_mode,claim_amount) values (69, 'Partial Payment Received', 90, 'CARD',88);
insert into bill(appointment_id, [status], total_amount, payment_mode,claim_amount) values (70, 'Partial Payment Received', 30, 'CARD',30);
insert into bill(appointment_id, [status], total_amount, payment_mode,claim_amount) values (71, 'Follow up required', 90, 'CARD',60);
insert into bill(appointment_id, [status], total_amount, payment_mode,claim_amount) values (72, 'Partial Payment Received', 40, 'CASH',40);
insert into bill(appointment_id, [status], total_amount, payment_mode,claim_amount) values (73, 'Partial Payment Received', 90, 'CARD',90);
insert into bill(appointment_id, [status], total_amount, payment_mode,claim_amount) values (74, 'Partial Payment Received', 50, 'CARD',45);
insert into bill(appointment_id, [status], total_amount, payment_mode,claim_amount) values (75, 'Follow up required', 50, 'CARD',35);
insert into bill(appointment_id, [status], total_amount, payment_mode,claim_amount) values (76, 'Follow up required', 60, 'CASH',42);
insert into bill(appointment_id, [status], total_amount, payment_mode,claim_amount) values (77, 'Follow up required', 81, 'CARD',56.7);
insert into bill(appointment_id, [status], total_amount, payment_mode,claim_amount) values (78, 'Follow up required', 153, 'CARD',107);
insert into bill(appointment_id, [status], total_amount, payment_mode,claim_amount) values (79, 'Partial Payment Received', 20, 'CARD',20);
insert into bill(appointment_id, [status], total_amount, payment_mode,claim_amount) values (80, 'Partial Payment Received', 60, 'CASH',60);
insert into bill(appointment_id, [status], total_amount, payment_mode,claim_amount) values (81, 'Follow up required', 82, 'CARD',50);
insert into bill(appointment_id, [status], total_amount, payment_mode,claim_amount) values (82, 'Partial Payment Received', 105, 'CARD',75);
insert into bill(appointment_id, [status], total_amount, payment_mode,claim_amount) values (83, 'Partial Payment Received', 64, 'CASH',50);
insert into bill(appointment_id, [status], total_amount, payment_mode,claim_amount) values (84, 'Partial Payment Received', 50, 'CARD',50);
insert into bill(appointment_id, [status], total_amount, payment_mode,claim_amount) values (85, 'Partial Payment Received', 50, 'CARD',40);
insert into bill(appointment_id, [status], total_amount, payment_mode,claim_amount) values (86, 'Partial Payment Received', 60, 'CASH',45);
insert into bill(appointment_id, [status], total_amount, payment_mode,claim_amount) values (87, 'Follow up required', 60, 'CASH',35);
insert into bill(appointment_id, [status], total_amount, payment_mode,claim_amount) values (88, 'Follow up required', 76, 'CASH',50);
insert into bill(appointment_id, [status], total_amount, payment_mode,claim_amount) values (89, 'Follow up required', 70, 'CARD',49);
insert into bill(appointment_id, [status], total_amount, payment_mode,claim_amount) values (90, 'Partial Payment Received', 50, 'CARD',50);
insert into bill(appointment_id, [status], total_amount, payment_mode,claim_amount) values (91, 'Partial Payment Received', 50, 'CARD',50);
insert into bill(appointment_id, [status], total_amount, payment_mode,claim_amount) values (92, 'Partial Payment Received', 40, 'CASH',35);
insert into bill(appointment_id, [status], total_amount, payment_mode,claim_amount) values (93, 'Partial Payment Received', 40, 'CASH',40);
insert into bill(appointment_id, [status], total_amount, payment_mode,claim_amount) values (94, 'Partial Payment Received', 40, 'CASH',33);
insert into bill(appointment_id, [status], total_amount, payment_mode,claim_amount) values (95, 'Partial Payment Received', 62, 'CARD',50);
insert into bill(appointment_id, [status], total_amount, payment_mode,claim_amount) values (96, 'Partial Payment Received', 120, 'CARD',100);
insert into bill(appointment_id, [status], total_amount, payment_mode,claim_amount) values (97, 'Follow up required', 30, 'CARD',21);
insert into bill(appointment_id, [status], total_amount, payment_mode,claim_amount) values (98, 'Partial Payment Received', 50, 'CARD',50);
insert into bill(appointment_id, [status], total_amount, payment_mode,claim_amount) values (99, 'Partial Payment Received', 50, 'CARD',50);
insert into bill(appointment_id, [status], total_amount, payment_mode,claim_amount) values (100, 'Partial Payment Received', 30, 'CARD',25);
insert into bill(appointment_id, [status], total_amount, payment_mode,claim_amount) values (101, 'Partial Payment Received', 40, 'CASH',38);
insert into bill(appointment_id, [status], total_amount, payment_mode,claim_amount) values (102, 'Partial Payment Received', 90, 'CARD',65);
insert into bill(appointment_id, [status], total_amount, payment_mode,claim_amount) values (103, 'Partial Payment Received', 50, 'CARD',50);
insert into bill(appointment_id, [status], total_amount, payment_mode,claim_amount) values (104, 'Partial Payment Received', 40, 'CASH',35);
insert into bill(appointment_id, [status], total_amount, payment_mode,claim_amount) values (105, 'Partial Payment Received', 30, 'CARD',30);
insert into bill(appointment_id, [status], total_amount, payment_mode,claim_amount) values (106, 'Partial Payment Received', 50, 'CARD',50);
insert into bill(appointment_id, [status], total_amount, payment_mode,claim_amount) values (107, 'Follow up required', 30, 'CARD',21);
insert into bill(appointment_id, [status], total_amount, payment_mode,claim_amount) values (108, 'Follow up required', 30, 'CARD',20);
insert into bill(appointment_id, [status], total_amount, payment_mode,claim_amount) values (109, 'Follow up required', 30, 'CARD',21);
insert into bill(appointment_id, [status], total_amount, payment_mode,claim_amount) values (110, 'Partial Payment Received', 20, 'CARD',20);

--------- INSERT INTO Medicine Details ---------

insert into medicine_details(medicine_name, medicine_price) values ('Contac', 25.3); 
insert into medicine_details(medicine_name, medicine_price) values ('Tylenol', 27.9); 
insert into medicine_details(medicine_name, medicine_price) values ('Atorvastatin', 22.4); 
insert into medicine_details(medicine_name, medicine_price) values ('Lisinopril', 29.7);
insert into medicine_details(medicine_name, medicine_price) values ('Metformin', 28.2); 
insert into medicine_details(medicine_name, medicine_price) values ('Advil', 10.61); 
insert into medicine_details(medicine_name, medicine_price) values ('Nyquil', 29.34); 
insert into medicine_details(medicine_name, medicine_price) values ('Gabapentin', 25.87); 
insert into medicine_details(medicine_name, medicine_price) values ('Omeprazole', 26.4); 
insert into medicine_details(medicine_name, medicine_price) values ('Losartan', 21.22); 
insert into medicine_details(medicine_name, medicine_price) values ('Amlodipine', 24.6);

------ INSERT INTO diagnosis ------

insert into diagnosis( appointment_id, doctor_id, diagnosis_id) values (1, 22, 2);
insert into diagnosis( appointment_id, doctor_id, diagnosis_id) values (2, 30, 7);
insert into diagnosis( appointment_id, doctor_id, diagnosis_id) values (3, 30, 5);
insert into diagnosis( appointment_id, doctor_id, diagnosis_id) values (3, 22, 2);
insert into diagnosis( appointment_id, doctor_id, diagnosis_id) values (4, 36, 5);
insert into diagnosis( appointment_id, doctor_id, diagnosis_id) values (5, 1, 6);
insert into diagnosis( appointment_id, doctor_id, diagnosis_id) values (5, 3, 5);
insert into diagnosis( appointment_id, doctor_id, diagnosis_id) values (6, 44,6);
insert into diagnosis( appointment_id, doctor_id, diagnosis_id) values (7, 39, 4);
insert into diagnosis( appointment_id, doctor_id, diagnosis_id) values (7, 31, 7);
insert into diagnosis( appointment_id, doctor_id, diagnosis_id) values (7, 48, 8);
insert into diagnosis( appointment_id, doctor_id, diagnosis_id) values (8, 50, 9);
insert into diagnosis( appointment_id, doctor_id, diagnosis_id) values (9, 1, 5);
insert into diagnosis( appointment_id, doctor_id, diagnosis_id) values (10, 20,7);
insert into diagnosis( appointment_id, doctor_id, diagnosis_id) values (11, 50, 5);
insert into diagnosis( appointment_id, doctor_id, diagnosis_id) values (12, 16, 8);
insert into diagnosis( appointment_id, doctor_id, diagnosis_id) values (13, 37, 3);
insert into diagnosis( appointment_id, doctor_id, diagnosis_id) values (14, 32, 15);
insert into diagnosis( appointment_id, doctor_id, diagnosis_id) values (14, 34, 17);
insert into diagnosis( appointment_id, doctor_id, diagnosis_id) values (15, 31,18);
insert into diagnosis( appointment_id, doctor_id, diagnosis_id) values (16, 16, 19);
insert into diagnosis( appointment_id, doctor_id, diagnosis_id) values (17, 48, 12);
insert into diagnosis( appointment_id, doctor_id, diagnosis_id) values (18, 39, 16);
insert into diagnosis( appointment_id, doctor_id, diagnosis_id) values (19, 35, 19);
insert into diagnosis( appointment_id, doctor_id, diagnosis_id) values (20, 37, 14);
insert into diagnosis( appointment_id, doctor_id, diagnosis_id) values (21, 3,22);
insert into diagnosis( appointment_id, doctor_id, diagnosis_id) values (22, 6, 8);
insert into diagnosis( appointment_id, doctor_id, diagnosis_id) values (23, 29, 14);
insert into diagnosis( appointment_id, doctor_id, diagnosis_id) values (23, 22, 17);
insert into diagnosis( appointment_id, doctor_id, diagnosis_id) values (23, 5, 8);
insert into diagnosis( appointment_id, doctor_id, diagnosis_id) values (23, 8, 25);
insert into diagnosis( appointment_id, doctor_id, diagnosis_id) values (24, 20,16);
insert into diagnosis( appointment_id, doctor_id, diagnosis_id) values (24, 31, 16);
insert into diagnosis( appointment_id, doctor_id, diagnosis_id) values (25, 22, 9);
insert into diagnosis( appointment_id, doctor_id, diagnosis_id) values (26, 27, 7);
insert into diagnosis( appointment_id, doctor_id, diagnosis_id) values (26, 26, 2);
insert into diagnosis( appointment_id, doctor_id, diagnosis_id) values (27, 33, 6);
insert into diagnosis( appointment_id, doctor_id, diagnosis_id) values (27, 31,1);
insert into diagnosis( appointment_id, doctor_id, diagnosis_id) values (28, 25, 4);
insert into diagnosis( appointment_id, doctor_id, diagnosis_id) values (28, 50, 14);
insert into diagnosis( appointment_id, doctor_id, diagnosis_id) values (29, 32, 6);
insert into diagnosis( appointment_id, doctor_id, diagnosis_id) values (30, 22, 16);
insert into diagnosis( appointment_id, doctor_id, diagnosis_id) values (30, 4, 5);
insert into diagnosis( appointment_id, doctor_id, diagnosis_id) values (30, 34,25);
insert into diagnosis( appointment_id, doctor_id, diagnosis_id) values (31, 30, 15);
insert into diagnosis( appointment_id, doctor_id, diagnosis_id) values (31, 27, 2);
insert into diagnosis( appointment_id, doctor_id, diagnosis_id) values (32, 26, 17);
insert into diagnosis( appointment_id, doctor_id, diagnosis_id) values (32, 11, 19);
insert into diagnosis( appointment_id, doctor_id, diagnosis_id) values (33, 17, 6);
insert into diagnosis( appointment_id, doctor_id, diagnosis_id) values (34, 30, 4);
insert into diagnosis( appointment_id, doctor_id, diagnosis_id) values (35, 43, 12);
insert into diagnosis( appointment_id, doctor_id, diagnosis_id) values (35, 14, 6);
insert into diagnosis( appointment_id, doctor_id, diagnosis_id) values (35, 19, 23);
insert into diagnosis( appointment_id, doctor_id, diagnosis_id) values (36, 47, 25);
insert into diagnosis( appointment_id, doctor_id, diagnosis_id) values (37, 34, 7);
insert into diagnosis( appointment_id, doctor_id, diagnosis_id) values (38, 44,15);
insert into diagnosis( appointment_id, doctor_id, diagnosis_id) values (39, 21, 5);
insert into diagnosis( appointment_id, doctor_id, diagnosis_id) values (39, 26, 22);
insert into diagnosis( appointment_id, doctor_id, diagnosis_id) values (40, 33, 18);
insert into diagnosis( appointment_id, doctor_id, diagnosis_id) values (41, 45, 4);
insert into diagnosis( appointment_id, doctor_id, diagnosis_id) values (42, 28, 8);
insert into diagnosis( appointment_id, doctor_id, diagnosis_id) values (43, 31, 11);
insert into diagnosis( appointment_id, doctor_id, diagnosis_id) values (43, 48, 10);
insert into diagnosis( appointment_id, doctor_id, diagnosis_id) values (44, 46, 12);
insert into diagnosis( appointment_id, doctor_id, diagnosis_id) values (45, 28, 2);
insert into diagnosis( appointment_id, doctor_id, diagnosis_id) values (46, 21, 17);
insert into diagnosis( appointment_id, doctor_id, diagnosis_id) values (46, 28, 1);
insert into diagnosis( appointment_id, doctor_id, diagnosis_id) values (46, 46, 22);
insert into diagnosis( appointment_id, doctor_id, diagnosis_id) values (47, 30, 19);
insert into diagnosis( appointment_id, doctor_id, diagnosis_id) values (47, 36, 9);
insert into diagnosis( appointment_id, doctor_id, diagnosis_id) values (47, 24, 15);
insert into diagnosis( appointment_id, doctor_id, diagnosis_id) values (48, 49, 9);
insert into diagnosis( appointment_id, doctor_id, diagnosis_id) values (49, 21, 9);
insert into diagnosis( appointment_id, doctor_id, diagnosis_id) values (49, 25,22);
insert into diagnosis( appointment_id, doctor_id, diagnosis_id) values (49, 33, 26);
insert into diagnosis( appointment_id, doctor_id, diagnosis_id) values (50, 16, 11);
insert into diagnosis( appointment_id, doctor_id, diagnosis_id) values (50, 28, 18);
insert into diagnosis( appointment_id, doctor_id, diagnosis_id) values (50, 41, 20);
insert into diagnosis( appointment_id, doctor_id, diagnosis_id) values (51, 43, 24);
insert into diagnosis( appointment_id, doctor_id, diagnosis_id) values (51, 31, 9);
insert into diagnosis( appointment_id, doctor_id, diagnosis_id) values (52, 30, 9);
insert into diagnosis( appointment_id, doctor_id, diagnosis_id) values (52, 26, 16);
insert into diagnosis( appointment_id, doctor_id, diagnosis_id) values (53, 25, 15);
insert into diagnosis( appointment_id, doctor_id, diagnosis_id) values (53, 32, 11);
insert into diagnosis( appointment_id, doctor_id, diagnosis_id) values (53, 42, 8);
insert into diagnosis( appointment_id, doctor_id, diagnosis_id) values (54, 28, 21);
insert into diagnosis( appointment_id, doctor_id, diagnosis_id) values (55, 26, 25);
insert into diagnosis( appointment_id, doctor_id, diagnosis_id) values (56, 22, 9);
insert into diagnosis( appointment_id, doctor_id, diagnosis_id) values (57, 46, 8);
insert into diagnosis( appointment_id, doctor_id, diagnosis_id) values (58, 41, 6);
insert into diagnosis( appointment_id, doctor_id, diagnosis_id) values (58, 24, 16);
insert into diagnosis( appointment_id, doctor_id, diagnosis_id) values (58, 16, 3);
insert into diagnosis( appointment_id, doctor_id, diagnosis_id) values (58, 10, 5);
insert into diagnosis( appointment_id, doctor_id, diagnosis_id) values (59, 10, 6);
insert into diagnosis( appointment_id, doctor_id, diagnosis_id) values (60, 6, 5);
insert into diagnosis( appointment_id, doctor_id, diagnosis_id) values (61, 2, 7);
insert into diagnosis( appointment_id, doctor_id, diagnosis_id) values (61, 4, 4);
insert into diagnosis( appointment_id, doctor_id, diagnosis_id) values (61, 33, 20);
insert into diagnosis( appointment_id, doctor_id, diagnosis_id) values (62, 26, 23);
insert into diagnosis( appointment_id, doctor_id, diagnosis_id) values (63, 23, 16);
insert into diagnosis( appointment_id, doctor_id, diagnosis_id) values (64, 34, 14);
insert into diagnosis( appointment_id, doctor_id, diagnosis_id) values (64, 24, 19);
insert into diagnosis( appointment_id, doctor_id, diagnosis_id) values (64, 25, 4);
insert into diagnosis( appointment_id, doctor_id, diagnosis_id) values (65, 44,5);
insert into diagnosis( appointment_id, doctor_id, diagnosis_id) values (66, 14, 1);
insert into diagnosis( appointment_id, doctor_id, diagnosis_id) values (66, 12, 4);
insert into diagnosis( appointment_id, doctor_id, diagnosis_id) values (67, 1, 8);
insert into diagnosis( appointment_id, doctor_id, diagnosis_id) values (67, 8, 1);
insert into diagnosis( appointment_id, doctor_id, diagnosis_id) values (68, 2, 25);
insert into diagnosis( appointment_id, doctor_id, diagnosis_id) values (68, 22, 24);
insert into diagnosis( appointment_id, doctor_id, diagnosis_id) values (69, 29, 15);
insert into diagnosis( appointment_id, doctor_id, diagnosis_id) values (69, 36, 4);
insert into diagnosis( appointment_id, doctor_id, diagnosis_id) values (69, 32, 6);
insert into diagnosis( appointment_id, doctor_id, diagnosis_id) values (70, 29, 5);
insert into diagnosis( appointment_id, doctor_id, diagnosis_id) values (70, 36, 18);
insert into diagnosis( appointment_id, doctor_id, diagnosis_id) values (70, 30, 17);
insert into diagnosis( appointment_id, doctor_id, diagnosis_id) values (71, 32, 18);
insert into diagnosis( appointment_id, doctor_id, diagnosis_id) values (72, 41, 15);
insert into diagnosis( appointment_id, doctor_id, diagnosis_id) values (73, 30, 10);
insert into diagnosis( appointment_id, doctor_id, diagnosis_id) values (74, 47, 18);
insert into diagnosis( appointment_id, doctor_id, diagnosis_id) values (74, 43, 16);
insert into diagnosis( appointment_id, doctor_id, diagnosis_id) values (74, 30, 16);
insert into diagnosis( appointment_id, doctor_id, diagnosis_id) values (75, 24, 4);
insert into diagnosis( appointment_id, doctor_id, diagnosis_id) values (76, 42, 4);
insert into diagnosis( appointment_id, doctor_id, diagnosis_id) values (77, 45, 4);
insert into diagnosis( appointment_id, doctor_id, diagnosis_id) values (77, 25, 13);
insert into diagnosis( appointment_id, doctor_id, diagnosis_id) values (78, 12, 14);
insert into diagnosis( appointment_id, doctor_id, diagnosis_id) values (78, 48, 17);
insert into diagnosis( appointment_id, doctor_id, diagnosis_id) values (78, 18, 22);
insert into diagnosis( appointment_id, doctor_id, diagnosis_id) values (79, 16, 21);
insert into diagnosis( appointment_id, doctor_id, diagnosis_id) values (79, 29, 23);
insert into diagnosis( appointment_id, doctor_id, diagnosis_id) values (80, 23, 22);
insert into diagnosis( appointment_id, doctor_id, diagnosis_id) values (80, 22, 11);
insert into diagnosis( appointment_id, doctor_id, diagnosis_id) values (81, 32, 14);
insert into diagnosis( appointment_id, doctor_id, diagnosis_id) values (81, 37, 16);
insert into diagnosis( appointment_id, doctor_id, diagnosis_id) values (82, 34, 18);
insert into diagnosis( appointment_id, doctor_id, diagnosis_id) values (83, 21, 4);
insert into diagnosis( appointment_id, doctor_id, diagnosis_id) values (83, 50, 6);
insert into diagnosis( appointment_id, doctor_id, diagnosis_id) values (83, 26, 3);
insert into diagnosis( appointment_id, doctor_id, diagnosis_id) values (84, 25, 14);
insert into diagnosis( appointment_id, doctor_id, diagnosis_id) values (85, 34, 17);
insert into diagnosis( appointment_id, doctor_id, diagnosis_id) values (86, 35, 25);
insert into diagnosis( appointment_id, doctor_id, diagnosis_id) values (87, 30, 24);
insert into diagnosis( appointment_id, doctor_id, diagnosis_id) values (88, 23, 19);
insert into diagnosis( appointment_id, doctor_id, diagnosis_id) values (89, 25, 15);
insert into diagnosis( appointment_id, doctor_id, diagnosis_id) values (90, 21, 18);
insert into diagnosis( appointment_id, doctor_id, diagnosis_id) values (91, 23, 12);
insert into diagnosis( appointment_id, doctor_id, diagnosis_id) values (91, 34, 10);
insert into diagnosis( appointment_id, doctor_id, diagnosis_id) values (91, 26, 16);
insert into diagnosis( appointment_id, doctor_id, diagnosis_id) values (91, 29, 8);
insert into diagnosis( appointment_id, doctor_id, diagnosis_id) values (92, 20, 13);
insert into diagnosis( appointment_id, doctor_id, diagnosis_id) values (93, 20, 6);
insert into diagnosis( appointment_id, doctor_id, diagnosis_id) values (94, 29, 15);
insert into diagnosis( appointment_id, doctor_id, diagnosis_id) values (95, 37, 11);
insert into diagnosis( appointment_id, doctor_id, diagnosis_id) values (96, 48, 9);
insert into diagnosis( appointment_id, doctor_id, diagnosis_id) values (97, 10, 5);
insert into diagnosis( appointment_id, doctor_id, diagnosis_id) values (98, 12, 2);
insert into diagnosis( appointment_id, doctor_id, diagnosis_id) values (98, 14,8);
insert into diagnosis( appointment_id, doctor_id, diagnosis_id) values (99, 24, 6);
insert into diagnosis( appointment_id, doctor_id, diagnosis_id) values (100, 20, 7);
insert into diagnosis( appointment_id, doctor_id, diagnosis_id) values (100, 41, 19);
insert into diagnosis( appointment_id, doctor_id, diagnosis_id) values (101, 39, 13);
insert into diagnosis( appointment_id, doctor_id, diagnosis_id) values (102, 33, 14);
insert into diagnosis( appointment_id, doctor_id, diagnosis_id) values (103, 25, 9);
insert into diagnosis( appointment_id, doctor_id, diagnosis_id) values (104, 33, 9);
insert into diagnosis( appointment_id, doctor_id, diagnosis_id) values (105, 25, 14);
insert into diagnosis( appointment_id, doctor_id, diagnosis_id) values (106, 43, 19);
insert into diagnosis( appointment_id, doctor_id, diagnosis_id) values (107, 37, 20);
insert into diagnosis( appointment_id, doctor_id, diagnosis_id) values (107, 47, 24);
insert into diagnosis( appointment_id, doctor_id, diagnosis_id) values (108, 15, 14);
insert into diagnosis( appointment_id, doctor_id, diagnosis_id) values (109, 32, 4);


------- INSERT INTO prescription -------------
insert into prescription(appointment_id, doctor_id, renewal_time) values (1, 47, '2020-01-11');
insert into prescription(appointment_id, doctor_id, renewal_time) values (2, 49,  '2020-01-31');
insert into prescription(appointment_id, doctor_id, renewal_time) values (3, 45,  '2020-01-25');
insert into prescription(appointment_id, doctor_id, renewal_time) values (04, 49, '2020-02-15');
insert into prescription(appointment_id, doctor_id, renewal_time) values (05, 43,  '2020-02-20');
insert into prescription(appointment_id, doctor_id, renewal_time) values (06, 44,  '2020-02-16');
insert into prescription(appointment_id, doctor_id, renewal_time) values (07, 44,  '2020-02-29');
insert into prescription(appointment_id, doctor_id, renewal_time) values (08, 41, '2020-02-27');
insert into prescription(appointment_id, doctor_id, renewal_time) values (09, 50, '2020-03-08');
insert into prescription(appointment_id, doctor_id, renewal_time) values (10, 45, '2020-03-12');
insert into prescription(appointment_id, doctor_id, renewal_time) values (11, 47, '2020-03-17');
insert into prescription(appointment_id, doctor_id, renewal_time) values (12, 48, '2020-03-17');
insert into prescription(appointment_id, doctor_id, renewal_time) values (13, 47,'2020-03-27');
insert into prescription(appointment_id, doctor_id, renewal_time) values (14, 43, '2020-03-27');
insert into prescription(appointment_id, doctor_id, renewal_time) values (15, 50, '2020-04-11');
insert into prescription(appointment_id, doctor_id, renewal_time) values (16, 41, '2020-04-16');
insert into prescription(appointment_id, doctor_id, renewal_time) values (17, 47, '2020-04-23');
insert into prescription(appointment_id, doctor_id, renewal_time) values (18, 48, '2020-04-26');
insert into prescription(appointment_id, doctor_id, renewal_time) values (19, 43, '2020-04-24');
insert into prescription(appointment_id, doctor_id, renewal_time) values (20, 42, '2020-05-25');
insert into prescription(appointment_id, doctor_id, renewal_time) values (21, 43,  '2020-06-10');
insert into prescription(appointment_id, doctor_id, renewal_time) values (22, 41, '2020-07-05');
insert into prescription(appointment_id, doctor_id, renewal_time) values (23, 49, '2020-07-16');
insert into prescription(appointment_id, doctor_id, renewal_time) values (24, 45, '2020-08-02');
insert into prescription(appointment_id, doctor_id, renewal_time) values (25, 47, '2020-07-31');
insert into prescription(appointment_id, doctor_id, renewal_time) values (26, 47,  '2020-08-09');
insert into prescription(appointment_id, doctor_id, renewal_time) values (27, 47, '2020-08-13');
insert into prescription(appointment_id, doctor_id, renewal_time) values (28, 41, '2020-08-16');
insert into prescription(appointment_id, doctor_id, renewal_time) values (29, 45, '2020-09-10');
insert into prescription(appointment_id, doctor_id, renewal_time) values (30, 41, '2020-09-06');
insert into prescription(appointment_id, doctor_id, renewal_time) values (31, 42, '2020-10-05');
insert into prescription(appointment_id, doctor_id, renewal_time) values (32, 49, '2020-10-09');
insert into prescription(appointment_id, doctor_id, renewal_time) values (33, 41, '2020-10-30');
insert into prescription(appointment_id, doctor_id, renewal_time) values (34, 41, '2020-11-03');
insert into prescription(appointment_id, doctor_id, renewal_time) values (35, 49, '2020-11-06');
insert into prescription(appointment_id, doctor_id, renewal_time) values (36, 47, '2020-11-17');
insert into prescription(appointment_id, doctor_id, renewal_time) values (37, 49, '2020-11-26');
insert into prescription(appointment_id, doctor_id, renewal_time) values (38, 47, '2020-11-26');
insert into prescription(appointment_id, doctor_id, renewal_time) values (39, 50, '2020-12-05');
insert into prescription(appointment_id, doctor_id, renewal_time) values (40, 44,  '2020-12-15');
insert into prescription(appointment_id, doctor_id, renewal_time) values (41, 46, '2020-12-11');
insert into prescription(appointment_id, doctor_id, renewal_time) values (42, 41,  '2020-12-20');
insert into prescription(appointment_id, doctor_id, renewal_time) values (43, 42,  '2020-12-25');
insert into prescription(appointment_id, doctor_id, renewal_time) values (44, 50,  '2021-01-03');
insert into prescription(appointment_id, doctor_id, renewal_time) values (45, 41,  '2021-01-02');
insert into prescription(appointment_id, doctor_id, renewal_time) values (46, 44,  '2021-01-10');
insert into prescription(appointment_id, doctor_id, renewal_time) values (47, 46,  '2021-01-10');
insert into prescription(appointment_id, doctor_id, renewal_time) values (48, 45, '2021-01-08');
insert into prescription(appointment_id, doctor_id, renewal_time) values (49, 50,  '2021-01-19');
insert into prescription(appointment_id, doctor_id, renewal_time) values (50, 45,  '2021-01-27');
insert into prescription(appointment_id, doctor_id, renewal_time) values (51, 42,  '2021-02-02');
insert into prescription(appointment_id, doctor_id, renewal_time) values (52, 43,  '2021-02-03');
insert into prescription(appointment_id, doctor_id, renewal_time) values (53, 42,  '2021-03-01');
insert into prescription(appointment_id, doctor_id, renewal_time) values (54, 43, '2021-03-08');
insert into prescription(appointment_id, doctor_id, renewal_time) values (55, 43,  '2021-04-05');
insert into prescription(appointment_id, doctor_id, renewal_time) values (56, 44, '2021-04-04');
insert into prescription(appointment_id, doctor_id, renewal_time) values (57, 47,  '2021-04-15');
insert into prescription(appointment_id, doctor_id, renewal_time) values (58, 46, '2021-05-11');
insert into prescription(appointment_id, doctor_id, renewal_time) values (59, 45,  '2021-05-13');
insert into prescription(appointment_id, doctor_id, renewal_time) values (60, 49,  '2021-05-14');
insert into prescription(appointment_id, doctor_id, renewal_time) values (61, 41,  '2021-05-28');
insert into prescription(appointment_id, doctor_id, renewal_time) values (62, 44,  '2021-05-28');
insert into prescription(appointment_id, doctor_id, renewal_time) values (63, 41,  '2021-06-01');
insert into prescription(appointment_id, doctor_id, renewal_time) values (64, 48,  '2021-06-08');
insert into prescription(appointment_id, doctor_id, renewal_time) values (65, 44, '2021-06-22');
insert into prescription(appointment_id, doctor_id, renewal_time) values (66, 41,  '2021-07-02');
insert into prescription(appointment_id, doctor_id, renewal_time) values (67, 47,  '2021-07-01');
insert into prescription(appointment_id, doctor_id, renewal_time) values (68, 47, '2021-07-02');
insert into prescription(appointment_id, doctor_id, renewal_time) values (69, 47,  '2021-07-22');
insert into prescription(appointment_id, doctor_id, renewal_time) values (70, 41,  '2021-08-08');
insert into prescription(appointment_id, doctor_id, renewal_time) values (71, 47,  '2021-08-10');
insert into prescription(appointment_id, doctor_id, renewal_time) values (72, 49,  '2021-08-20');
insert into prescription(appointment_id, doctor_id, renewal_time) values (73, 47,  '2021-08-23');
insert into prescription(appointment_id, doctor_id, renewal_time) values (74, 41, '2021-08-30');
insert into prescription(appointment_id, doctor_id, renewal_time) values (75, 49, '2021-09-16');
insert into prescription(appointment_id, doctor_id, renewal_time) values (76, 42,  '2021-09-27');
insert into prescription(appointment_id, doctor_id, renewal_time) values (77, 43,  '2021-10-06');
insert into prescription(appointment_id, doctor_id, renewal_time) values (78, 46,  '2021-10-18');
insert into prescription(appointment_id, doctor_id, renewal_time) values (79, 44,  '2021-10-25');
insert into prescription(appointment_id, doctor_id, renewal_time) values (80, 41,  '2021-10-22');
insert into prescription(appointment_id, doctor_id, renewal_time) values (81, 46,  '2021-11-04');
insert into prescription(appointment_id, doctor_id, renewal_time) values (82, 50, '2021-11-06');
insert into prescription(appointment_id, doctor_id, renewal_time) values (83, 49,  '2021-11-13');
insert into prescription(appointment_id, doctor_id, renewal_time) values (84, 41,  '2021-11-10');
insert into prescription(appointment_id, doctor_id, renewal_time) values (85, 42,  '2021-11-16');
insert into prescription(appointment_id, doctor_id, renewal_time) values (86, 42,  '2021-11-30');
insert into prescription(appointment_id, doctor_id, renewal_time) values (87, 42,  '2022-01-02');
insert into prescription(appointment_id, doctor_id, renewal_time) values (88, 50, '2022-01-01');
insert into prescription(appointment_id, doctor_id, renewal_time) values (89, 48,  '2022-01-19');
insert into prescription(appointment_id, doctor_id, renewal_time) values (90, 43, '2022-01-25');
insert into prescription(appointment_id, doctor_id, renewal_time) values (91, 44,  '2022-01-23');
insert into prescription(appointment_id, doctor_id, renewal_time) values (92, 45,  '2022-01-30');
insert into prescription(appointment_id, doctor_id, renewal_time) values (93, 46,  '2022-02-03');
insert into prescription(appointment_id, doctor_id, renewal_time) values (94, 49,  '2022-02-05');
insert into prescription(appointment_id, doctor_id, renewal_time) values (95, 42,  '2022-02-21');
insert into prescription(appointment_id, doctor_id, renewal_time) values (96, 43,  '2022-02-27');
insert into prescription(appointment_id, doctor_id, renewal_time) values (97, 41,  '2022-02-25');
insert into prescription(appointment_id, doctor_id, renewal_time) values (98, 46,  '2022-03-01');
insert into prescription(appointment_id, doctor_id, renewal_time) values (99, 43,  '2022-03-22');
insert into prescription(appointment_id, doctor_id, renewal_time) values (100, 41, '2022-03-20');
insert into prescription(appointment_id, doctor_id, renewal_time) values (101, 42, '2022-03-18');
insert into prescription(appointment_id, doctor_id, renewal_time) values (102, 47, '2022-03-23');
insert into prescription(appointment_id, doctor_id, renewal_time) values (103, 41, '2022-03-25');
insert into prescription(appointment_id, doctor_id, renewal_time) values (104, 43, '2022-03-23');
insert into prescription(appointment_id, doctor_id, renewal_time) values (105, 44,  '2022-03-26');
insert into prescription(appointment_id, doctor_id, renewal_time) values (106, 41,  '2022-04-09');
insert into prescription(appointment_id, doctor_id, renewal_time) values (107, 44, '2022-04-10');
insert into prescription(appointment_id, doctor_id, renewal_time) values (108, 41,  '2022-04-08');
insert into prescription(appointment_id, doctor_id, renewal_time) values (109, 45,  '2022-04-13');
insert into prescription(appointment_id, doctor_id, renewal_time) values (110, 44, '2022-04-08');



--------- INSERT INTO pRESCRIPTION_mEDICINE ----------


insert into prescription_medicine (prescription_id, medicine_id , dose, quantity) values (1, 1, '200 mg', 10);
insert into prescription_medicine (prescription_id, medicine_id , dose, quantity) values (1, 2, '300 mg', 12);
insert into prescription_medicine (prescription_id, medicine_id , dose, quantity) values (2, 3, '400 mg', 14);
insert into prescription_medicine (prescription_id, medicine_id , dose, quantity) values (2, 4, '450 mg', 16);
insert into prescription_medicine (prescription_id, medicine_id , dose, quantity) values (3, 5, '470 mg', 17);
insert into prescription_medicine (prescription_id, medicine_id , dose, quantity) values (3, 6, '475 mg', 18);
insert into prescription_medicine (prescription_id, medicine_id , dose, quantity) values (3, 7, '480 mg', 19);
insert into prescription_medicine (prescription_id, medicine_id , dose, quantity) values (4, 8, '485 mg', 20);
insert into prescription_medicine (prescription_id, medicine_id , dose, quantity) values (4, 9, '490 mg', 21);
insert into prescription_medicine (prescription_id, medicine_id , dose, quantity) values (5, 10, '500 mg', 22);
insert into prescription_medicine (prescription_id, medicine_id , dose, quantity) values (5, 11, '200 mg', 10);
insert into prescription_medicine (prescription_id, medicine_id , dose, quantity) values (6, 1, '200 mg', 10);
insert into prescription_medicine (prescription_id, medicine_id , dose, quantity) values (6, 2, '300 mg', 12);
insert into prescription_medicine (prescription_id, medicine_id , dose, quantity) values (6, 3, '400 mg', 14);
insert into prescription_medicine (prescription_id, medicine_id , dose, quantity) values (7, 4, '450 mg', 16);
insert into prescription_medicine (prescription_id, medicine_id , dose, quantity) values (7, 5, '470 mg', 17);
insert into prescription_medicine (prescription_id, medicine_id , dose, quantity) values (8, 6, '475 mg', 18);
insert into prescription_medicine (prescription_id, medicine_id , dose, quantity) values (8, 7, '480 mg', 19);
insert into prescription_medicine (prescription_id, medicine_id , dose, quantity) values (9, 8, '485 mg', 20);
insert into prescription_medicine (prescription_id, medicine_id , dose, quantity) values (9, 9, '490 mg', 21);
insert into prescription_medicine (prescription_id, medicine_id , dose, quantity) values (9, 10, '500 mg', 22);
insert into prescription_medicine (prescription_id, medicine_id , dose, quantity) values (10, 11, '200 mg', 10);
insert into prescription_medicine (prescription_id, medicine_id , dose, quantity) values (10, 1, '200 mg', 10);
insert into prescription_medicine (prescription_id, medicine_id , dose, quantity) values (11, 2, '300 mg', 12);
insert into prescription_medicine (prescription_id, medicine_id , dose, quantity) values (11, 3, '400 mg', 14);
insert into prescription_medicine (prescription_id, medicine_id , dose, quantity) values (12, 4, '450 mg', 16);
insert into prescription_medicine (prescription_id, medicine_id , dose, quantity) values (12, 5, '470 mg', 17);
insert into prescription_medicine (prescription_id, medicine_id , dose, quantity) values (12, 6, '475 mg', 18);
insert into prescription_medicine (prescription_id, medicine_id , dose, quantity) values (13, 7, '480 mg', 19);
insert into prescription_medicine (prescription_id, medicine_id , dose, quantity) values (13, 8, '485 mg', 20);
insert into prescription_medicine (prescription_id, medicine_id , dose, quantity) values (14, 9, '490 mg', 21);
insert into prescription_medicine (prescription_id, medicine_id , dose, quantity) values (14, 10, '500 mg', 22);
insert into prescription_medicine (prescription_id, medicine_id , dose, quantity) values (15, 11, '200 mg', 10);
insert into prescription_medicine (prescription_id, medicine_id , dose, quantity) values (15, 1, '200 mg', 10);
insert into prescription_medicine (prescription_id, medicine_id , dose, quantity) values (15, 2, '300 mg', 12);
insert into prescription_medicine (prescription_id, medicine_id , dose, quantity) values (16, 3, '400 mg', 14);
insert into prescription_medicine (prescription_id, medicine_id , dose, quantity) values (16, 4, '450 mg', 16);
insert into prescription_medicine (prescription_id, medicine_id , dose, quantity) values (17, 5, '470 mg', 17);
insert into prescription_medicine (prescription_id, medicine_id , dose, quantity) values (17, 6, '475 mg', 18);
insert into prescription_medicine (prescription_id, medicine_id , dose, quantity) values (18, 7, '480 mg', 19);
insert into prescription_medicine (prescription_id, medicine_id , dose, quantity) values (18, 8, '485 mg', 20);
insert into prescription_medicine (prescription_id, medicine_id , dose, quantity) values (18, 9, '490 mg', 21);
insert into prescription_medicine (prescription_id, medicine_id , dose, quantity) values (19, 10, '500 mg', 22);
insert into prescription_medicine (prescription_id, medicine_id , dose, quantity) values (19, 11, '200 mg', 10);
insert into prescription_medicine (prescription_id, medicine_id , dose, quantity) values (20, 1, '200 mg', 10);
insert into prescription_medicine (prescription_id, medicine_id , dose, quantity) values (20, 2, '300 mg', 12);
insert into prescription_medicine (prescription_id, medicine_id , dose, quantity) values (21, 3, '400 mg', 14);
insert into prescription_medicine (prescription_id, medicine_id , dose, quantity) values (21, 4, '450 mg', 16);
insert into prescription_medicine (prescription_id, medicine_id , dose, quantity) values (21, 5, '470 mg', 17);
insert into prescription_medicine (prescription_id, medicine_id , dose, quantity) values (22, 6, '475 mg', 18);
insert into prescription_medicine (prescription_id, medicine_id , dose, quantity) values (22, 7, '480 mg', 19);
insert into prescription_medicine (prescription_id, medicine_id , dose, quantity) values (23, 8, '485 mg', 20);
insert into prescription_medicine (prescription_id, medicine_id , dose, quantity) values (23, 9, '490 mg', 21);
insert into prescription_medicine (prescription_id, medicine_id , dose, quantity) values (24, 10, '500 mg', 22);
insert into prescription_medicine (prescription_id, medicine_id , dose, quantity) values (24, 11, '200 mg', 10);
insert into prescription_medicine (prescription_id, medicine_id , dose, quantity) values (24, 1, '200 mg', 10);
insert into prescription_medicine (prescription_id, medicine_id , dose, quantity) values (25, 2, '300 mg', 12);
insert into prescription_medicine (prescription_id, medicine_id , dose, quantity) values (25, 3, '400 mg', 14);
insert into prescription_medicine (prescription_id, medicine_id , dose, quantity) values (26, 4, '450 mg', 16);
insert into prescription_medicine (prescription_id, medicine_id , dose, quantity) values (26, 5, '470 mg', 17);
insert into prescription_medicine (prescription_id, medicine_id , dose, quantity) values (27, 6, '475 mg', 18);
insert into prescription_medicine (prescription_id, medicine_id , dose, quantity) values (27, 7, '480 mg', 19);
insert into prescription_medicine (prescription_id, medicine_id , dose, quantity) values (27, 8, '485 mg', 20);
insert into prescription_medicine (prescription_id, medicine_id , dose, quantity) values (28, 9, '490 mg', 21);
insert into prescription_medicine (prescription_id, medicine_id , dose, quantity) values (28, 10, '500 mg', 22);
insert into prescription_medicine (prescription_id, medicine_id , dose, quantity) values (29, 11, '200 mg', 10);
insert into prescription_medicine (prescription_id, medicine_id , dose, quantity) values (29, 1, '200 mg', 10);
insert into prescription_medicine (prescription_id, medicine_id , dose, quantity) values (30, 2, '300 mg', 12);
insert into prescription_medicine (prescription_id, medicine_id , dose, quantity) values (30, 3, '400 mg', 14);
insert into prescription_medicine (prescription_id, medicine_id , dose, quantity) values (30, 4, '450 mg', 16);
insert into prescription_medicine (prescription_id, medicine_id , dose, quantity) values (31, 5, '470 mg', 17);
insert into prescription_medicine (prescription_id, medicine_id , dose, quantity) values (31, 6, '475 mg', 18);
insert into prescription_medicine (prescription_id, medicine_id , dose, quantity) values (32, 7, '480 mg', 19);
insert into prescription_medicine (prescription_id, medicine_id , dose, quantity) values (32, 8, '485 mg', 20);
insert into prescription_medicine (prescription_id, medicine_id , dose, quantity) values (33, 9, '490 mg', 21);
insert into prescription_medicine (prescription_id, medicine_id , dose, quantity) values (33, 10, '500 mg', 22);
insert into prescription_medicine (prescription_id, medicine_id , dose, quantity) values (33, 11, '200 mg', 10);
insert into prescription_medicine (prescription_id, medicine_id , dose, quantity) values (34, 1, '200 mg', 10);
insert into prescription_medicine (prescription_id, medicine_id , dose, quantity) values (34, 2, '300 mg', 12);
insert into prescription_medicine (prescription_id, medicine_id , dose, quantity) values (35, 3, '400 mg', 14);
insert into prescription_medicine (prescription_id, medicine_id , dose, quantity) values (35, 4, '450 mg', 16);
insert into prescription_medicine (prescription_id, medicine_id , dose, quantity) values (36, 5, '470 mg', 17);
insert into prescription_medicine (prescription_id, medicine_id , dose, quantity) values (36, 6, '475 mg', 18);
insert into prescription_medicine (prescription_id, medicine_id , dose, quantity) values (36, 7, '480 mg', 19);
insert into prescription_medicine (prescription_id, medicine_id , dose, quantity) values (37, 8, '485 mg', 20);
insert into prescription_medicine (prescription_id, medicine_id , dose, quantity) values (37, 9, '490 mg', 21);
insert into prescription_medicine (prescription_id, medicine_id , dose, quantity) values (38, 10, '500 mg', 22);
insert into prescription_medicine (prescription_id, medicine_id , dose, quantity) values (38, 11, '200 mg', 10);
insert into prescription_medicine (prescription_id, medicine_id , dose, quantity) values (39, 1, '200 mg', 10);
insert into prescription_medicine (prescription_id, medicine_id , dose, quantity) values (39, 2, '300 mg', 12);
insert into prescription_medicine (prescription_id, medicine_id , dose, quantity) values (39, 3, '400 mg', 14);
insert into prescription_medicine (prescription_id, medicine_id , dose, quantity) values (40, 4, '450 mg', 16);
insert into prescription_medicine (prescription_id, medicine_id , dose, quantity) values (40, 5, '470 mg', 17);
insert into prescription_medicine (prescription_id, medicine_id , dose, quantity) values (41, 6, '475 mg', 18);
insert into prescription_medicine (prescription_id, medicine_id , dose, quantity) values (41, 7, '480 mg', 19);
insert into prescription_medicine (prescription_id, medicine_id , dose, quantity) values (42, 8, '485 mg', 20);
insert into prescription_medicine (prescription_id, medicine_id , dose, quantity) values (42, 9, '490 mg', 21);
insert into prescription_medicine (prescription_id, medicine_id , dose, quantity) values (42, 10, '500 mg', 22);
insert into prescription_medicine (prescription_id, medicine_id , dose, quantity) values (43, 11, '200 mg', 10);
insert into prescription_medicine (prescription_id, medicine_id , dose, quantity) values (43, 1, '200 mg', 10);
insert into prescription_medicine (prescription_id, medicine_id , dose, quantity) values (44, 2, '300 mg', 12);
insert into prescription_medicine (prescription_id, medicine_id , dose, quantity) values (44, 3, '400 mg', 14);
insert into prescription_medicine (prescription_id, medicine_id , dose, quantity) values (45, 4, '450 mg', 16);
insert into prescription_medicine (prescription_id, medicine_id , dose, quantity) values (45, 5, '470 mg', 17);
insert into prescription_medicine (prescription_id, medicine_id , dose, quantity) values (45, 6, '475 mg', 18);
insert into prescription_medicine (prescription_id, medicine_id , dose, quantity) values (46, 7, '480 mg', 19);
insert into prescription_medicine (prescription_id, medicine_id , dose, quantity) values (46, 8, '485 mg', 20);
insert into prescription_medicine (prescription_id, medicine_id , dose, quantity) values (47, 9, '490 mg', 21);
insert into prescription_medicine (prescription_id, medicine_id , dose, quantity) values (47, 10, '500 mg', 22);
insert into prescription_medicine (prescription_id, medicine_id , dose, quantity) values (48, 11, '200 mg', 10);
insert into prescription_medicine (prescription_id, medicine_id , dose, quantity) values (48, 1, '200 mg', 10);
insert into prescription_medicine (prescription_id, medicine_id , dose, quantity) values (48, 2, '300 mg', 12);
insert into prescription_medicine (prescription_id, medicine_id , dose, quantity) values (49, 3, '400 mg', 14);
insert into prescription_medicine (prescription_id, medicine_id , dose, quantity) values (49, 4, '450 mg', 16);
insert into prescription_medicine (prescription_id, medicine_id , dose, quantity) values (50, 5, '470 mg', 17);
insert into prescription_medicine (prescription_id, medicine_id , dose, quantity) values (50, 6, '475 mg', 18);
insert into prescription_medicine (prescription_id, medicine_id , dose, quantity) values (51, 7, '480 mg', 19);
insert into prescription_medicine (prescription_id, medicine_id , dose, quantity) values (51, 8, '485 mg', 20);
insert into prescription_medicine (prescription_id, medicine_id , dose, quantity) values (51, 9, '490 mg', 21);
insert into prescription_medicine (prescription_id, medicine_id , dose, quantity) values (52, 10, '500 mg', 22);
insert into prescription_medicine (prescription_id, medicine_id , dose, quantity) values (52, 11, '200 mg', 10);
insert into prescription_medicine (prescription_id, medicine_id , dose, quantity) values (53, 1, '200 mg', 10);
insert into prescription_medicine (prescription_id, medicine_id , dose, quantity) values (53, 2, '300 mg', 12);
insert into prescription_medicine (prescription_id, medicine_id , dose, quantity) values (54, 3, '400 mg', 14);
insert into prescription_medicine (prescription_id, medicine_id , dose, quantity) values (54, 4, '450 mg', 16);
insert into prescription_medicine (prescription_id, medicine_id , dose, quantity) values (54, 5, '470 mg', 17);
insert into prescription_medicine (prescription_id, medicine_id , dose, quantity) values (55, 6, '475 mg', 18);
insert into prescription_medicine (prescription_id, medicine_id , dose, quantity) values (55, 7, '480 mg', 19);
insert into prescription_medicine (prescription_id, medicine_id , dose, quantity) values (56, 8, '485 mg', 20);
insert into prescription_medicine (prescription_id, medicine_id , dose, quantity) values (56, 9, '490 mg', 21);
insert into prescription_medicine (prescription_id, medicine_id , dose, quantity) values (57, 10, '500 mg', 22);
insert into prescription_medicine (prescription_id, medicine_id , dose, quantity) values (57, 11, '200 mg', 10);
insert into prescription_medicine (prescription_id, medicine_id , dose, quantity) values (57, 1, '200 mg', 10);
insert into prescription_medicine (prescription_id, medicine_id , dose, quantity) values (58, 2, '300 mg', 12);
insert into prescription_medicine (prescription_id, medicine_id , dose, quantity) values (58, 3, '400 mg', 14);
insert into prescription_medicine (prescription_id, medicine_id , dose, quantity) values (59, 4, '450 mg', 16);
insert into prescription_medicine (prescription_id, medicine_id , dose, quantity) values (59, 5, '470 mg', 17);
insert into prescription_medicine (prescription_id, medicine_id , dose, quantity) values (60, 6, '475 mg', 18);
insert into prescription_medicine (prescription_id, medicine_id , dose, quantity) values (60, 7, '480 mg', 19);
insert into prescription_medicine (prescription_id, medicine_id , dose, quantity) values (60, 8, '485 mg', 20);
insert into prescription_medicine (prescription_id, medicine_id , dose, quantity) values (61, 9, '490 mg', 21);
insert into prescription_medicine (prescription_id, medicine_id , dose, quantity) values (61, 10, '500 mg', 22);
insert into prescription_medicine (prescription_id, medicine_id , dose, quantity) values (62, 11, '200 mg', 10);
insert into prescription_medicine (prescription_id, medicine_id , dose, quantity) values (62, 1, '200 mg', 10);
insert into prescription_medicine (prescription_id, medicine_id , dose, quantity) values (63, 2, '300 mg', 12);
insert into prescription_medicine (prescription_id, medicine_id , dose, quantity) values (63, 3, '400 mg', 14);
insert into prescription_medicine (prescription_id, medicine_id , dose, quantity) values (63, 4, '450 mg', 16);
insert into prescription_medicine (prescription_id, medicine_id , dose, quantity) values (64, 5, '470 mg', 17);
insert into prescription_medicine (prescription_id, medicine_id , dose, quantity) values (64, 6, '475 mg', 18);
insert into prescription_medicine (prescription_id, medicine_id , dose, quantity) values (65, 7, '480 mg', 19);
insert into prescription_medicine (prescription_id, medicine_id , dose, quantity) values (65, 8, '485 mg', 20);
insert into prescription_medicine (prescription_id, medicine_id , dose, quantity) values (66, 9, '490 mg', 21);
insert into prescription_medicine (prescription_id, medicine_id , dose, quantity) values (66, 10, '500 mg', 22);
insert into prescription_medicine (prescription_id, medicine_id , dose, quantity) values (66, 11, '200 mg', 10);
insert into prescription_medicine (prescription_id, medicine_id , dose, quantity) values (67, 1, '200 mg', 10);
insert into prescription_medicine (prescription_id, medicine_id , dose, quantity) values (67, 2, '300 mg', 12);
insert into prescription_medicine (prescription_id, medicine_id , dose, quantity) values (68, 3, '400 mg', 14);
insert into prescription_medicine (prescription_id, medicine_id , dose, quantity) values (68, 4, '450 mg', 16);
insert into prescription_medicine (prescription_id, medicine_id , dose, quantity) values (69, 5, '470 mg', 17);
insert into prescription_medicine (prescription_id, medicine_id , dose, quantity) values (69, 6, '475 mg', 18);
insert into prescription_medicine (prescription_id, medicine_id , dose, quantity) values (69, 7, '480 mg', 19);
insert into prescription_medicine (prescription_id, medicine_id , dose, quantity) values (70, 8, '485 mg', 20);
insert into prescription_medicine (prescription_id, medicine_id , dose, quantity) values (70, 9, '490 mg', 21);
insert into prescription_medicine (prescription_id, medicine_id , dose, quantity) values (71, 10, '500 mg', 22);
insert into prescription_medicine (prescription_id, medicine_id , dose, quantity) values (71, 11, '200 mg', 10);
insert into prescription_medicine (prescription_id, medicine_id , dose, quantity) values (72, 1, '200 mg', 10);
insert into prescription_medicine (prescription_id, medicine_id , dose, quantity) values (72, 2, '300 mg', 12);
insert into prescription_medicine (prescription_id, medicine_id , dose, quantity) values (72, 3, '400 mg', 14);
insert into prescription_medicine (prescription_id, medicine_id , dose, quantity) values (73, 4, '450 mg', 16);
insert into prescription_medicine (prescription_id, medicine_id , dose, quantity) values (73, 5, '470 mg', 17);
insert into prescription_medicine (prescription_id, medicine_id , dose, quantity) values (74, 6, '475 mg', 18);
insert into prescription_medicine (prescription_id, medicine_id , dose, quantity) values (74, 7, '480 mg', 19);
insert into prescription_medicine (prescription_id, medicine_id , dose, quantity) values (75, 8, '485 mg', 20);
insert into prescription_medicine (prescription_id, medicine_id , dose, quantity) values (75, 9, '490 mg', 21);
insert into prescription_medicine (prescription_id, medicine_id , dose, quantity) values (75, 10, '500 mg', 22);
insert into prescription_medicine (prescription_id, medicine_id , dose, quantity) values (76, 11, '200 mg', 10);
insert into prescription_medicine (prescription_id, medicine_id , dose, quantity) values (76, 1, '200 mg', 10);
insert into prescription_medicine (prescription_id, medicine_id , dose, quantity) values (77, 2, '300 mg', 12);
insert into prescription_medicine (prescription_id, medicine_id , dose, quantity) values (77, 3, '400 mg', 14);
insert into prescription_medicine (prescription_id, medicine_id , dose, quantity) values (78, 4, '450 mg', 16);
insert into prescription_medicine (prescription_id, medicine_id , dose, quantity) values (78, 5, '470 mg', 17);
insert into prescription_medicine (prescription_id, medicine_id , dose, quantity) values (78, 6, '475 mg', 18);
insert into prescription_medicine (prescription_id, medicine_id , dose, quantity) values (79, 7, '480 mg', 19);
insert into prescription_medicine (prescription_id, medicine_id , dose, quantity) values (79, 8, '485 mg', 20);
insert into prescription_medicine (prescription_id, medicine_id , dose, quantity) values (80, 9, '490 mg', 21);
insert into prescription_medicine (prescription_id, medicine_id , dose, quantity) values (80, 10, '500 mg', 22);
insert into prescription_medicine (prescription_id, medicine_id , dose, quantity) values (81, 11, '200 mg', 10);
insert into prescription_medicine (prescription_id, medicine_id , dose, quantity) values (81, 1, '200 mg', 10);
insert into prescription_medicine (prescription_id, medicine_id , dose, quantity) values (81, 2, '300 mg', 12);
insert into prescription_medicine (prescription_id, medicine_id , dose, quantity) values (82, 3, '400 mg', 14);
insert into prescription_medicine (prescription_id, medicine_id , dose, quantity) values (82, 4, '450 mg', 16);
insert into prescription_medicine (prescription_id, medicine_id , dose, quantity) values (83, 5, '470 mg', 17);
insert into prescription_medicine (prescription_id, medicine_id , dose, quantity) values (83, 6, '475 mg', 18);
insert into prescription_medicine (prescription_id, medicine_id , dose, quantity) values (84, 7, '480 mg', 19);
insert into prescription_medicine (prescription_id, medicine_id , dose, quantity) values (84, 8, '485 mg', 20);
insert into prescription_medicine (prescription_id, medicine_id , dose, quantity) values (84, 9, '490 mg', 21);
insert into prescription_medicine (prescription_id, medicine_id , dose, quantity) values (85, 10, '500 mg', 22);
insert into prescription_medicine (prescription_id, medicine_id , dose, quantity) values (85, 11, '200 mg', 10);
insert into prescription_medicine (prescription_id, medicine_id , dose, quantity) values (86, 1, '200 mg', 10);
insert into prescription_medicine (prescription_id, medicine_id , dose, quantity) values (86, 2, '300 mg', 12);
insert into prescription_medicine (prescription_id, medicine_id , dose, quantity) values (87, 3, '400 mg', 14);
insert into prescription_medicine (prescription_id, medicine_id , dose, quantity) values (87, 4, '450 mg', 16);
insert into prescription_medicine (prescription_id, medicine_id , dose, quantity) values (87, 5, '470 mg', 17);
insert into prescription_medicine (prescription_id, medicine_id , dose, quantity) values (88, 6, '475 mg', 18);
insert into prescription_medicine (prescription_id, medicine_id , dose, quantity) values (88, 7, '480 mg', 19);
insert into prescription_medicine (prescription_id, medicine_id , dose, quantity) values (89, 8, '485 mg', 20);
insert into prescription_medicine (prescription_id, medicine_id , dose, quantity) values (89, 9, '490 mg', 21);
insert into prescription_medicine (prescription_id, medicine_id , dose, quantity) values (90, 10, '500 mg', 22);
insert into prescription_medicine (prescription_id, medicine_id , dose, quantity) values (90, 11, '200 mg', 10);
insert into prescription_medicine (prescription_id, medicine_id , dose, quantity) values (90, 1, '200 mg', 10);
insert into prescription_medicine (prescription_id, medicine_id , dose, quantity) values (91, 2, '300 mg', 12);
insert into prescription_medicine (prescription_id, medicine_id , dose, quantity) values (91, 3, '400 mg', 14);
insert into prescription_medicine (prescription_id, medicine_id , dose, quantity) values (92, 4, '450 mg', 16);
insert into prescription_medicine (prescription_id, medicine_id , dose, quantity) values (92, 5, '470 mg', 17);
insert into prescription_medicine (prescription_id, medicine_id , dose, quantity) values (93, 6, '475 mg', 18);
insert into prescription_medicine (prescription_id, medicine_id , dose, quantity) values (93, 7, '480 mg', 19);
insert into prescription_medicine (prescription_id, medicine_id , dose, quantity) values (94, 8, '485 mg', 20);
insert into prescription_medicine (prescription_id, medicine_id , dose, quantity) values (94, 9, '490 mg', 21);
insert into prescription_medicine (prescription_id, medicine_id , dose, quantity) values (95, 10, '500 mg', 22);
insert into prescription_medicine (prescription_id, medicine_id , dose, quantity) values (95, 11, '200 mg', 10);
insert into prescription_medicine (prescription_id, medicine_id , dose, quantity) values (96, 1, '200 mg', 10);
insert into prescription_medicine (prescription_id, medicine_id , dose, quantity) values (96, 2, '300 mg', 12);
insert into prescription_medicine (prescription_id, medicine_id , dose, quantity) values (97, 3, '400 mg', 14);
insert into prescription_medicine (prescription_id, medicine_id , dose, quantity) values (97, 4, '450 mg', 16);
insert into prescription_medicine (prescription_id, medicine_id , dose, quantity) values (98, 5, '470 mg', 17);
insert into prescription_medicine (prescription_id, medicine_id , dose, quantity) values (98, 6, '475 mg', 18);
insert into prescription_medicine (prescription_id, medicine_id , dose, quantity) values (99, 7, '480 mg', 19);
insert into prescription_medicine (prescription_id, medicine_id , dose, quantity) values (99, 8, '485 mg', 20);
insert into prescription_medicine (prescription_id, medicine_id , dose, quantity) values (100, 9, '490 mg', 21);
insert into prescription_medicine (prescription_id, medicine_id , dose, quantity) values (100, 10, '500 mg', 22);
insert into prescription_medicine (prescription_id, medicine_id , dose, quantity) values (101, 11, '200 mg', 10);
insert into prescription_medicine (prescription_id, medicine_id , dose, quantity) values (101, 1, '200 mg', 10);
insert into prescription_medicine (prescription_id, medicine_id , dose, quantity) values (102, 2, '300 mg', 12);
insert into prescription_medicine (prescription_id, medicine_id , dose, quantity) values (102, 3, '400 mg', 14);
insert into prescription_medicine (prescription_id, medicine_id , dose, quantity) values (103, 4, '450 mg', 16);
insert into prescription_medicine (prescription_id, medicine_id , dose, quantity) values (103, 5, '470 mg', 17);
insert into prescription_medicine (prescription_id, medicine_id , dose, quantity) values (104, 6, '475 mg', 18);
insert into prescription_medicine (prescription_id, medicine_id , dose, quantity) values (104, 7, '480 mg', 19);
insert into prescription_medicine (prescription_id, medicine_id , dose, quantity) values (105, 8, '485 mg', 20);
insert into prescription_medicine (prescription_id, medicine_id , dose, quantity) values (105, 9, '490 mg', 21);
insert into prescription_medicine (prescription_id, medicine_id , dose, quantity) values (106, 10, '500 mg', 22);
insert into prescription_medicine (prescription_id, medicine_id , dose, quantity) values (106, 11, '200 mg', 10);
insert into prescription_medicine (prescription_id, medicine_id , dose, quantity) values (107, 1, '200 mg', 10);
insert into prescription_medicine (prescription_id, medicine_id , dose, quantity) values (107, 2, '300 mg', 12);
insert into prescription_medicine (prescription_id, medicine_id , dose, quantity) values (108, 3, '400 mg', 14);
insert into prescription_medicine (prescription_id, medicine_id , dose, quantity) values (108, 4, '450 mg', 16);
insert into prescription_medicine (prescription_id, medicine_id , dose, quantity) values (109, 5, '470 mg', 17);
insert into prescription_medicine (prescription_id, medicine_id , dose, quantity) values (109, 6, '475 mg', 18);
insert into prescription_medicine (prescription_id, medicine_id , dose, quantity) values (110, 7, '480 mg', 19);
insert into prescription_medicine (prescription_id, medicine_id , dose, quantity) values (110, 8, '485 mg', 20);
 
 
 












